TIMESPAN,PROPOSAL,PROPOSERS,FOR,CUMUL_FOR,AGAINST,CUMUL_AGAINST,ABSTAIN,CUMUL_ABSTAIN,VOTERS,VOTES,CUMUL_VOTES,VOTING_POWER
2021-11-06 00:00:00.000,1,1,5,5,"null","null",1,1,6,6,6,92
2021-11-07 00:00:00.000,2,2,171,176,1,1,1,2,172,173,179,42708944
2021-11-08 00:00:00.000,4,4,193,369,9,10,42,44,241,244,423,27355718
2021-11-09 00:00:00.000,5,4,123,492,4,14,12,56,133,139,562,32246601
2021-11-10 00:00:00.000,4,4,115,607,2,16,6,62,122,123,685,33157442
2021-11-11 00:00:00.000,1,1,1,608,1,17,"null",62,2,2,687,7
2021-11-12 00:00:00.000,2,2,2,610,4,21,"null",62,5,6,693,16
2021-11-13 00:00:00.000,3,3,115,725,3,24,"null",62,116,118,811,44164656
2021-11-14 00:00:00.000,1,1,9,734,"null",24,"null",62,9,9,820,6346924
2021-11-16 00:00:00.000,1,1,"null",734,2,26,"null",62,2,2,822,62
2021-11-17 00:00:00.000,1,1,"null",734,"null",26,3,65,3,3,825,21034
2021-11-18 00:00:00.000,2,2,1,735,1,27,5,70,7,7,832,23601
2021-11-19 00:00:00.000,1,1,1,736,1,28,"null",70,2,2,834,14
2021-11-20 00:00:00.000,2,2,61,797,4,32,2,72,67,67,901,675041827
2021-11-21 00:00:00.000,1,1,1,798,"null",32,"null",72,1,1,902,3781
2021-11-22 00:00:00.000,4,4,99,897,3,35,3,75,105,105,1007,42986235
2021-11-23 00:00:00.000,4,4,35,932,1,36,"null",75,36,36,1043,32101673
2021-11-24 00:00:00.000,3,3,8,940,2,38,"null",75,10,10,1053,2141233
2021-11-25 00:00:00.000,3,3,5,945,2,40,1,76,8,8,1061,10039233
2021-11-26 00:00:00.000,1,1,2,947,"null",40,"null",76,2,2,1063,420
2021-11-27 00:00:00.000,2,2,155,1102,2,42,"null",76,157,157,1220,56912334
2021-11-28 00:00:00.000,3,3,9,1111,1,43,"null",76,10,10,1230,872175
2021-11-29 00:00:00.000,2,2,4,1115,"null",43,1,77,5,5,1235,72583249
2021-12-01 00:00:00.000,1,1,5,1120,"null",43,"null",77,5,5,1240,158
2021-12-02 00:00:00.000,1,1,1,1121,"null",43,"null",77,1,1,1241,35
2021-12-03 00:00:00.000,1,1,1,1122,"null",43,"null",77,1,1,1242,10
2021-12-10 00:00:00.000,2,2,21,1143,92,135,12,89,125,125,1367,485030
2021-12-11 00:00:00.000,2,2,9,1152,61,196,4,93,74,74,1441,5252
2021-12-12 00:00:00.000,2,2,3,1155,35,231,1,94,39,39,1480,28565
2021-12-13 00:00:00.000,2,2,5,1160,23,254,2,96,30,30,1510,3302
2021-12-14 00:00:00.000,2,2,131,1291,"null",254,"null",96,131,131,1641,42799533
2021-12-15 00:00:00.000,1,1,18,1309,"null",254,"null",96,18,18,1659,6562073
2021-12-17 00:00:00.000,1,1,1,1310,30,284,"null",96,31,31,1690,145
2021-12-18 00:00:00.000,1,1,1,1311,48,332,"null",96,49,49,1739,372
2021-12-19 00:00:00.000,1,1,1,1312,31,363,"null",96,32,32,1771,89
2021-12-23 00:00:00.000,1,1,"null",1312,1,364,"null",96,1,1,1772,100000001
2021-12-24 00:00:00.000,1,1,"null",1312,1,365,"null",96,1,1,1773,86091
2021-12-26 00:00:00.000,1,1,1,1313,3,368,"null",96,4,4,1777,56352
2021-12-28 00:00:00.000,1,1,"null",1313,1,369,"null",96,1,1,1778,2
2021-12-29 00:00:00.000,1,1,"null",1313,3,372,"null",96,3,3,1781,4897
2021-12-30 00:00:00.000,1,1,1,1314,"null",372,"null",96,1,1,1782,15642
2022-01-02 00:00:00.000,1,1,29,1343,"null",372,"null",96,29,29,1811,9451637
2022-01-03 00:00:00.000,2,2,156,1499,1,373,"null",96,157,157,1968,35271092
2022-01-04 00:00:00.000,1,1,56,1555,"null",373,"null",96,56,56,2024,7234044
2022-01-06 00:00:00.000,2,2,53,1608,9,382,"null",96,62,62,2086,14994
2022-01-07 00:00:00.000,1,1,31,1639,3,385,"null",96,34,34,2120,2433
2022-01-08 00:00:00.000,1,1,4,1643,"null",385,"null",96,4,4,2124,341
2022-01-09 00:00:00.000,2,2,3,1646,4,389,"null",96,7,7,2131,268
2022-01-10 00:00:00.000,1,1,3,1649,2,391,"null",96,5,5,2136,71
2022-01-11 00:00:00.000,1,1,1,1650,"null",391,"null",96,1,1,2137,9
2022-01-13 00:00:00.000,2,2,4,1654,1,392,2,98,7,7,2144,51
2022-01-14 00:00:00.000,1,1,2,1656,"null",392,4,102,6,6,2150,10
2022-01-15 00:00:00.000,1,1,5,1661,"null",392,4,106,9,9,2159,47
2022-01-16 00:00:00.000,3,2,3,1664,1,393,"null",106,4,4,2163,19
2022-01-17 00:00:00.000,2,1,7,1671,"null",393,1,107,8,8,2171,83
2022-01-18 00:00:00.000,3,2,47,1718,"null",393,1,108,47,48,2219,237862
2022-01-19 00:00:00.000,2,2,27,1745,"null",393,"null",108,27,27,2246,335167
2022-01-20 00:00:00.000,4,2,13,1758,"null",393,3,111,12,16,2262,42334
2022-01-21 00:00:00.000,8,4,207,1965,1,394,2,113,203,210,2472,5225846
2022-01-22 00:00:00.000,2,2,35,2000,"null",394,"null",113,35,35,2507,3008103
2022-01-23 00:00:00.000,3,3,496,2496,75,469,119,232,688,690,3197,31076
2022-01-24 00:00:00.000,8,5,1273,3769,215,684,41,273,1525,1529,4726,7029
2022-01-25 00:00:00.000,5,3,258,4027,57,741,55,328,369,370,5096,13504
2022-01-26 00:00:00.000,4,1,4,4031,"null",741,"null",328,1,4,5100,4
2022-01-27 00:00:00.000,4,2,6,4037,"null",741,1,329,5,7,5107,164
2022-01-28 00:00:00.000,2,2,4,4041,"null",741,2,331,6,6,5113,28
2022-01-29 00:00:00.000,2,1,2,4043,"null",741,"null",331,1,2,5115,2
2022-01-30 00:00:00.000,1,1,1,4044,"null",741,"null",331,1,1,5116,23
2022-01-31 00:00:00.000,1,1,4,4048,"null",741,"null",331,4,4,5120,68
2022-02-03 00:00:00.000,1,1,1,4049,"null",741,"null",331,1,1,5121,100
2022-02-09 00:00:00.000,1,1,5,4054,1,742,"null",331,6,6,5127,6
2022-02-10 00:00:00.000,1,1,1,4055,"null",742,"null",331,1,1,5128,1
2022-02-14 00:00:00.000,1,1,83,4138,"null",742,"null",331,83,83,5211,297532
2022-02-15 00:00:00.000,2,2,27,4165,1,743,"null",331,28,28,5239,251346
2022-02-16 00:00:00.000,2,2,24,4189,7,750,"null",331,31,31,5270,71523
2022-02-17 00:00:00.000,1,1,3,4192,"null",750,"null",331,3,3,5273,5999
2022-03-01 00:00:00.000,1,1,53,4245,36,786,5,336,94,94,5367,752049
2022-03-02 00:00:00.000,1,1,26,4271,16,802,1,337,43,43,5410,135848
2022-03-03 00:00:00.000,1,1,15,4286,21,823,8,345,44,44,5454,137071
2022-03-04 00:00:00.000,1,1,5,4291,5,828,1,346,11,11,5465,29671
2022-03-05 00:00:00.000,1,1,"null",4291,4,832,"null",346,4,4,5469,4218
2022-03-06 00:00:00.000,1,1,"null",4291,5,837,"null",346,5,5,5474,1971
2022-03-07 00:00:00.000,1,1,21,4312,30,867,3,349,54,54,5528,72945
2022-03-15 00:00:00.000,1,1,167,4479,1,868,"null",349,168,168,5696,47343899
2022-03-16 00:00:00.000,2,2,113,4592,3,871,"null",349,116,116,5812,15992011
2022-03-17 00:00:00.000,2,2,46,4638,11,882,"null",349,57,57,5869,7458810
2022-03-18 00:00:00.000,1,1,4,4642,2,884,"null",349,6,6,5875,1286955
2022-03-20 00:00:00.000,1,1,3,4645,"null",884,"null",349,3,3,5878,523550
2022-03-23 00:00:00.000,3,3,4,4649,"null",884,"null",349,3,4,5882,1125317
2022-03-24 00:00:00.000,1,1,1,4650,3,887,2,351,6,6,5888,15
2022-03-25 00:00:00.000,1,1,"null",4650,"null",887,2,353,2,2,5890,7
2022-03-26 00:00:00.000,2,2,162,4812,4,891,1,354,167,167,6057,29556230
2022-03-27 00:00:00.000,1,1,39,4851,4,895,"null",354,43,43,6100,11879267
2022-03-28 00:00:00.000,2,2,9,4860,3,898,"null",354,12,12,6112,2331254
2022-03-29 00:00:00.000,1,1,1,4861,1,899,"null",354,2,2,6114,2
2022-04-03 00:00:00.000,1,1,17,4878,4,903,"null",354,21,21,6135,356688
2022-04-04 00:00:00.000,1,1,20,4898,8,911,"null",354,28,28,6163,312015
2022-04-05 00:00:00.000,1,1,15,4913,5,916,"null",354,20,20,6183,112658
2022-04-07 00:00:00.000,1,1,97,5010,5,921,"null",354,102,102,6285,22589396
2022-04-08 00:00:00.000,2,2,86,5096,"null",921,"null",354,86,86,6371,27586731
2022-04-09 00:00:00.000,4,3,3948,9044,266,1187,1402,1756,5445,5616,11987,4126653
2022-04-10 00:00:00.000,2,2,979,10023,215,1402,2716,4472,3910,3910,15897,239744
2022-04-11 00:00:00.000,2,2,208,10231,190,1592,1626,6098,2023,2024,17921,319613
2022-04-12 00:00:00.000,3,2,1056,11287,1416,3008,710,6808,2943,3182,21103,223708
2022-04-13 00:00:00.000,3,2,160,11447,55,3063,245,7053,454,460,21563,44821
2022-04-14 00:00:00.000,1,1,110,11557,41,3104,261,7314,412,412,21975,886
2022-04-18 00:00:00.000,1,1,87,11644,2,3106,"null",7314,89,89,22064,431604
2022-04-19 00:00:00.000,2,2,71,11715,1,3107,"null",7314,72,72,22136,9592156
2022-04-20 00:00:00.000,3,3,92,11807,3,3110,"null",7314,95,95,22231,19731838
2022-04-21 00:00:00.000,5,4,113,11920,2,3112,1,7315,114,116,22347,17544726
2022-04-22 00:00:00.000,3,3,22,11942,2,3114,"null",7315,23,24,22371,6701515
2022-04-23 00:00:00.000,2,2,7,11949,"null",3114,"null",7315,7,7,22378,84389
2022-04-24 00:00:00.000,1,1,2,11951,"null",3114,"null",7315,2,2,22380,297595
2022-04-25 00:00:00.000,1,1,1,11952,"null",3114,"null",7315,1,1,22381,223985
2022-04-27 00:00:00.000,1,1,26,11978,36,3150,"null",7315,62,62,22443,14706289
2022-04-28 00:00:00.000,2,2,6,11984,7,3157,"null",7315,13,13,22456,2936161
2022-04-29 00:00:00.000,4,4,353,12337,4,3161,"null",7315,357,357,22813,71722
2022-04-30 00:00:00.000,4,4,34,12371,3,3164,"null",7315,37,37,22850,439608
2022-05-01 00:00:00.000,3,3,19,12390,6,3170,"null",7315,25,25,22875,79634
2022-05-02 00:00:00.000,1,1,2921,15311,97,3267,"null",7315,3018,3018,25893,8236
2022-05-03 00:00:00.000,2,2,4731,20042,203,3470,"null",7315,4933,4934,30827,7334
2022-05-04 00:00:00.000,3,2,932,20974,17,3487,1,7316,944,950,31777,30456
2022-05-05 00:00:00.000,4,3,710,21684,108,3595,1,7317,716,819,32596,1597988
2022-05-06 00:00:00.000,4,3,260,21944,35,3630,"null",7317,268,295,32891,46675970
2022-05-07 00:00:00.000,12,9,163,22107,74,3704,"null",7317,153,237,33128,5355932
2022-05-08 00:00:00.000,10,7,65,22172,14,3718,"null",7317,58,79,33207,12859818
2022-05-09 00:00:00.000,3,2,6,22178,1,3719,"null",7317,6,7,33214,86920
2022-05-11 00:00:00.000,1,1,3813,25991,238,3957,"null",7317,4051,4051,37265,8410
2022-05-12 00:00:00.000,1,1,2685,28676,66,4023,"null",7317,2751,2751,40016,5040
2022-05-13 00:00:00.000,3,3,819,29495,20,4043,"null",7317,839,839,40855,1355
2022-05-14 00:00:00.000,1,1,2,29497,"null",4043,"null",7317,2,2,40857,2
2022-05-15 00:00:00.000,2,2,2,29499,1,4044,"null",7317,3,3,40860,0
2022-05-16 00:00:00.000,2,1,12,29511,11,4055,"null",7317,13,23,40883,36
2022-05-17 00:00:00.000,1,1,"null",29511,1,4056,"null",7317,1,1,40884,1
2022-05-19 00:00:00.000,2,2,623,30134,175,4231,178,7495,976,976,41860,1911
2022-05-20 00:00:00.000,5,5,1198,31332,2249,6480,766,8261,4198,4213,46073,8199
2022-05-21 00:00:00.000,10,9,271,31603,708,7188,185,8446,1124,1164,47237,20621008
2022-05-22 00:00:00.000,4,3,206,31809,1080,8268,72,8518,1323,1358,48595,2461938
2022-05-23 00:00:00.000,9,5,741,32550,108,8376,323,8841,1040,1172,49767,1716038
2022-05-24 00:00:00.000,21,16,2963,35513,284,8660,486,9327,3594,3733,53500,291388
2022-05-25 00:00:00.000,6,3,65,35578,9,8669,"null",9327,45,74,53574,13049
2022-05-26 00:00:00.000,14,14,55,35633,38,8707,1,9328,70,94,53668,4719
2022-05-27 00:00:00.000,4,4,105,35738,68,8775,"null",9328,168,173,53841,21483
2022-05-28 00:00:00.000,6,5,13,35751,3,8778,"null",9328,15,16,53857,3582
2022-05-29 00:00:00.000,9,9,91,35842,98,8876,11,9339,188,200,54057,10868257
2022-05-30 00:00:00.000,12,10,899,36741,257,9133,12,9351,239,1168,55225,11667189
2022-05-31 00:00:00.000,6,4,38,36779,19,9152,10,9361,62,67,55292,1428472
2022-06-01 00:00:00.000,3,2,14,36793,10,9162,1,9362,18,25,55317,2464545
2022-06-02 00:00:00.000,6,4,10,36803,2,9164,"null",9362,10,12,55329,1267474
2022-06-03 00:00:00.000,6,4,23,36826,5,9169,"null",9362,26,28,55357,6279492
2022-06-04 00:00:00.000,3,3,2,36828,5,9174,"null",9362,7,7,55364,1346235
2022-06-05 00:00:00.000,5,3,52,36880,10,9184,"null",9362,53,62,55426,15438549
2022-06-06 00:00:00.000,5,4,36,36916,36,9220,"null",9362,64,72,55498,6414106
2022-06-07 00:00:00.000,5,4,13,36929,7,9227,"null",9362,9,20,55518,19
2022-06-08 00:00:00.000,4,2,23,36952,6,9233,"null",9362,13,29,55547,29
2022-06-09 00:00:00.000,4,2,96,37048,50,9283,"null",9362,130,146,55693,146
2022-06-10 00:00:00.000,4,3,171,37219,616,9899,168,9530,954,955,56648,1606
2022-06-11 00:00:00.000,5,3,1080,38299,3785,13684,844,10374,5699,5709,62357,10773
2022-06-12 00:00:00.000,3,3,624,38923,1877,15561,362,10736,2862,2863,65220,3664
2022-06-13 00:00:00.000,4,3,93,39016,302,15863,79,10815,474,474,65694,534
2022-06-14 00:00:00.000,2,1,1,39017,1,15864,"null",10815,1,2,65696,2
2022-06-15 00:00:00.000,1,1,5,39022,"null",15864,"null",10815,5,5,65701,5
2022-06-16 00:00:00.000,1,1,4,39026,"null",15864,"null",10815,4,4,65705,4
2022-06-17 00:00:00.000,2,2,5976,45002,1245,17109,"null",10815,7221,7221,72926,11473
2022-06-18 00:00:00.000,1,1,795,45797,254,17363,"null",10815,1049,1049,73975,1376
2022-06-19 00:00:00.000,1,1,503,46300,306,17669,"null",10815,809,809,74784,1618
2022-06-20 00:00:00.000,3,3,470,46770,80,17749,"null",10815,540,550,75334,879
2022-06-22 00:00:00.000,4,1,13,46783,1,17750,"null",10815,6,14,75348,263235
2022-06-23 00:00:00.000,6,3,37,46820,1,17751,"null",10815,15,38,75386,2210156
2022-06-24 00:00:00.000,5,2,6,46826,"null",17751,"null",10815,3,6,75392,38
2022-06-25 00:00:00.000,6,3,59,46885,5,17756,3,10818,64,67,75459,5009
2022-06-26 00:00:00.000,6,3,62,46947,"null",17756,1,10819,60,63,75522,389842
2022-06-27 00:00:00.000,8,5,109,47056,6,17762,4,10823,111,119,75641,10676602
2022-06-28 00:00:00.000,9,6,45,47101,6,17768,1,10824,40,52,75693,4774019
2022-06-29 00:00:00.000,7,7,740,47841,26,17794,250,11074,1016,1016,76709,737653
2022-06-30 00:00:00.000,8,7,48,47889,13,17807,28,11102,85,89,76798,97178
2022-07-01 00:00:00.000,8,6,3809,51698,493,18300,647,11749,4937,4949,81747,3696782
2022-07-02 00:00:00.000,11,5,1617,53315,590,18890,198,11947,1787,2405,84152,6825661
2022-07-03 00:00:00.000,26,6,7597,60912,7179,26069,143,12090,2675,14919,99071,3923808
2022-07-04 00:00:00.000,29,7,2888,63800,1517,27586,375,12465,3543,4780,103851,2593698
2022-07-05 00:00:00.000,23,5,2666,66466,803,28389,373,12838,3773,3842,107693,26240
2022-07-06 00:00:00.000,28,3,6326,72792,6159,34548,"null",12838,4508,12485,120178,12456
2022-07-07 00:00:00.000,29,2,109,72901,23,34571,"null",12838,39,132,120310,292
2022-07-08 00:00:00.000,9,2,34,72935,33,34604,"null",12838,63,67,120377,61
2022-07-09 00:00:00.000,2,2,13,72948,6,34610,"null",12838,19,19,120396,1
2022-07-10 00:00:00.000,1,1,16,72964,"null",34610,"null",12838,16,16,120412,19
2022-07-11 00:00:00.000,6,5,283,73247,11,34621,2,12840,290,296,120708,28135108
2022-07-12 00:00:00.000,3,3,162,73409,3,34624,3,12843,168,168,120876,5363563
2022-07-13 00:00:00.000,4,4,57,73466,1,34625,1,12844,59,59,120935,1957553
2022-07-14 00:00:00.000,7,5,14,73480,3,34628,"null",12844,15,17,120952,508059
2022-07-15 00:00:00.000,3,3,10,73490,1,34629,"null",12844,11,11,120963,63966
2022-07-16 00:00:00.000,2,2,21,73511,"null",34629,"null",12844,21,21,120984,1
2022-07-17 00:00:00.000,2,2,46,73557,6,34635,2,12846,54,54,121038,3198482
2022-07-18 00:00:00.000,4,3,250,73807,2,34637,"null",12846,251,252,121290,1064448
2022-07-19 00:00:00.000,1,1,10,73817,"null",34637,2,12848,12,12,121302,3892334
2022-07-20 00:00:00.000,1,1,"null",73817,1,34638,"null",12848,1,1,121303,1
2022-07-21 00:00:00.000,13,3,26,73843,1,34639,"null",12848,17,27,121330,85
2022-07-22 00:00:00.000,6,5,21,73864,2,34641,1,12849,21,24,121354,7496
2022-07-23 00:00:00.000,6,5,328,74192,28,34669,38,12887,391,394,121748,6032
2022-07-24 00:00:00.000,6,4,130,74322,9,34678,17,12904,153,156,121904,2721
2022-07-25 00:00:00.000,6,5,148,74470,22,34700,19,12923,182,189,122093,13504688
2022-07-26 00:00:00.000,8,6,83,74553,20,34720,4,12927,104,107,122200,6772242
2022-07-27 00:00:00.000,9,4,143,74696,11,34731,2,12929,151,156,122356,318291
2022-07-28 00:00:00.000,8,4,16,74712,"null",34731,"null",12929,8,16,122372,135307
2022-07-29 00:00:00.000,3,2,10,74722,"null",34731,"null",12929,6,10,122382,1038862
2022-07-30 00:00:00.000,1,1,1,74723,"null",34731,"null",12929,1,1,122383,0
2022-07-31 00:00:00.000,1,1,1,74724,"null",34731,"null",12929,1,1,122384,0
2022-08-01 00:00:00.000,2,2,428,75152,1,34732,"null",12929,423,429,122813,3392745
2022-08-02 00:00:00.000,1,1,34,75186,"null",34732,"null",12929,34,34,122847,150175
2022-08-03 00:00:00.000,1,1,24,75210,1,34733,"null",12929,25,25,122872,274899
2022-08-04 00:00:00.000,3,3,393,75603,30,34763,81,13010,504,504,123376,211410
2022-08-05 00:00:00.000,4,4,5795,81398,418,35181,1181,14191,7315,7394,130770,12217615
2022-08-06 00:00:00.000,4,4,1287,82685,50,35231,161,14352,1494,1498,132268,229441
2022-08-07 00:00:00.000,2,2,627,83312,94,35325,273,14625,990,994,133262,27927
2022-08-08 00:00:00.000,3,2,660,83972,125,35450,911,15536,1684,1696,134958,2705
2022-08-09 00:00:00.000,2,2,1771,85743,306,35756,2653,18189,4722,4730,139688,8461
2022-08-10 00:00:00.000,4,3,1209,86952,267,36023,914,19103,2313,2390,142078,3889
2022-08-11 00:00:00.000,3,3,3332,90284,379,36402,986,20089,4668,4697,146775,8164
2022-08-12 00:00:00.000,1,1,626,90910,105,36507,213,20302,936,944,147719,1109
2022-08-13 00:00:00.000,1,1,3,90913,"null",36507,"null",20302,3,3,147722,0
2022-08-14 00:00:00.000,2,2,455,91368,169,36676,1645,21947,2269,2269,149991,3330
2022-08-15 00:00:00.000,5,5,1523,92891,329,37005,2873,24820,4708,4725,154716,9280
2022-08-16 00:00:00.000,3,3,238,93129,111,37116,534,25354,880,883,155599,2017
2022-08-17 00:00:00.000,3,3,7,93136,1,37117,"null",25354,8,8,155607,210
2022-08-18 00:00:00.000,3,3,18,93154,2,37119,"null",25354,20,20,155627,987
2022-08-19 00:00:00.000,2,2,2,93156,1,37120,"null",25354,3,3,155630,219
2022-08-20 00:00:00.000,3,3,4,93160,"null",37120,"null",25354,4,4,155634,10409
2022-08-21 00:00:00.000,4,4,5,93165,2,37122,"null",25354,5,7,155641,29408
2022-08-23 00:00:00.000,2,2,2,93167,"null",37122,"null",25354,2,2,155643,982
2022-08-24 00:00:00.000,1,1,32,93199,21,37143,"null",25354,53,53,155696,14491328
2022-08-25 00:00:00.000,2,2,31,93230,2,37145,"null",25354,33,33,155729,3965882
2022-08-26 00:00:00.000,5,5,215,93445,11,37156,"null",25354,225,226,155955,4011421
2022-08-27 00:00:00.000,7,7,178,93623,21,37177,"null",25354,196,199,156154,2407033
2022-08-28 00:00:00.000,6,6,109,93732,6,37183,"null",25354,115,115,156269,3804017
2022-08-29 00:00:00.000,6,6,118,93850,3,37186,"null",25354,116,121,156390,158944
2022-08-30 00:00:00.000,6,6,107,93957,14,37200,"null",25354,120,121,156511,69566
2022-08-31 00:00:00.000,4,4,157,94114,30,37230,"null",25354,185,187,156698,22441
2022-09-01 00:00:00.000,5,5,193,94307,22,37252,"null",25354,214,215,156913,59399
2022-09-02 00:00:00.000,4,4,85,94392,1,37253,"null",25354,83,86,156999,6213
2022-09-03 00:00:00.000,3,3,98,94490,2,37255,"null",25354,98,100,157099,5941
2022-09-04 00:00:00.000,6,6,35,94525,2,37257,4,25358,41,41,157140,120017
2022-09-05 00:00:00.000,5,5,52,94577,3,37260,"null",25358,50,55,157195,1250543
2022-09-06 00:00:00.000,6,6,34,94611,9,37269,"null",25358,28,43,157238,5056
2022-09-07 00:00:00.000,10,8,45,94656,18,37287,"null",25358,36,63,157301,20583
2022-09-08 00:00:00.000,1,1,1,94657,"null",37287,"null",25358,1,1,157302,1
2022-09-09 00:00:00.000,2,2,7,94664,4,37291,"null",25358,11,11,157313,44
2022-09-10 00:00:00.000,1,1,8,94672,"null",37291,"null",25358,8,8,157321,1
2022-09-11 00:00:00.000,1,1,5,94677,"null",37291,"null",25358,5,5,157326,3
2022-09-12 00:00:00.000,8,7,379,95056,19,37310,3,25361,399,401,157727,229065
2022-09-13 00:00:00.000,6,6,313,95369,63,37373,2,25363,378,378,158105,920885
2022-09-14 00:00:00.000,6,6,172,95541,63,37436,2,25365,205,237,158342,624315
2022-09-15 00:00:00.000,4,4,95,95636,17,37453,"null",25365,109,112,158454,303638
2022-09-16 00:00:00.000,3,3,11,95647,4,37457,"null",25365,15,15,158469,5123
2022-09-17 00:00:00.000,2,2,68,95715,1,37458,1,25366,70,70,158539,6948314
2022-09-18 00:00:00.000,2,2,20,95735,"null",37458,"null",25366,20,20,158559,283
2022-09-19 00:00:00.000,2,2,6,95741,"null",37458,"null",25366,6,6,158565,17
2022-09-20 00:00:00.000,5,5,305,96046,13,37471,9,25375,327,327,158892,30624432
2022-09-21 00:00:00.000,5,5,123,96169,5,37476,1,25376,126,129,159021,11829781
2022-09-22 00:00:00.000,5,5,120,96289,84,37560,385,25761,589,589,159610,5160922
2022-09-23 00:00:00.000,9,8,1058,97347,454,38014,3391,29152,4865,4903,164513,6653891
2022-09-24 00:00:00.000,5,5,187,97534,69,38083,622,29774,873,878,165391,1696804
2022-09-25 00:00:00.000,8,8,322,97856,44,38127,305,30079,668,671,166062,17641022
2022-09-26 00:00:00.000,5,5,77,97933,19,38146,221,30300,317,317,166379,1647
2022-09-27 00:00:00.000,5,5,290,98223,11,38157,1,30301,301,302,166681,271515
2022-09-28 00:00:00.000,3,3,335,98558,5,38162,"null",30301,339,340,167021,206860
2022-09-29 00:00:00.000,4,4,194,98752,12,38174,1,30302,199,207,167228,10130171
2022-09-30 00:00:00.000,4,4,412,99164,16,38190,3,30305,422,431,167659,8590891
2022-10-01 00:00:00.000,5,5,196,99360,10,38200,5,30310,206,211,167870,3088121
2022-10-02 00:00:00.000,4,4,413,99773,8,38208,"null",30310,392,421,168291,2904
2022-10-03 00:00:00.000,4,4,179,99952,8,38216,"null",30310,170,187,168478,288047
2022-10-04 00:00:00.000,5,5,180,100132,3,38219,1,30311,165,184,168662,386
2022-10-05 00:00:00.000,6,6,250,100382,12,38231,6,30317,242,268,168930,494321
2022-10-06 00:00:00.000,3,3,157,100539,12,38243,3,30320,164,172,169102,508
2022-10-07 00:00:00.000,7,7,2690,103229,252,38495,893,31213,3526,3835,172937,7304006
2022-10-08 00:00:00.000,7,7,1347,104576,99,38594,361,31574,1766,1807,174744,19827856
2022-10-09 00:00:00.000,8,8,724,105300,103,38697,209,31783,937,1036,175780,6166755
2022-10-10 00:00:00.000,6,6,285,105585,66,38763,132,31915,412,483,176263,550
2022-10-11 00:00:00.000,10,7,214,105799,60,38823,44,31959,179,318,176581,372
2022-10-12 00:00:00.000,13,8,306,106105,93,38916,3,31962,101,402,176983,411
2022-10-13 00:00:00.000,14,6,146,106251,31,38947,9,31971,80,186,177169,166
2022-10-14 00:00:00.000,16,7,165,106416,66,39013,62,32033,113,293,177462,278
2022-10-15 00:00:00.000,11,6,56,106472,110,39123,112,32145,125,278,177740,3913
2022-10-16 00:00:00.000,5,4,36,106508,23,39146,127,32272,125,186,177926,222
2022-10-17 00:00:00.000,8,7,401,106909,65,39211,188,32460,622,654,178580,256844
2022-10-18 00:00:00.000,4,4,490,107399,91,39302,279,32739,775,860,179440,65067
2022-10-19 00:00:00.000,4,4,308,107707,62,39364,72,32811,389,442,179882,206663
2022-10-20 00:00:00.000,5,4,238,107945,69,39433,78,32889,351,385,180267,50182
2022-10-21 00:00:00.000,8,7,79,108024,53,39486,32,32921,142,164,180431,33744
2022-10-22 00:00:00.000,6,5,92,108116,105,39591,68,32989,230,265,180696,28672
2022-10-23 00:00:00.000,8,7,51,108167,76,39667,28,33017,124,155,180851,1944
2022-10-24 00:00:00.000,46,7,2032,110199,329,39996,36,33053,1175,2397,183248,6011453
2022-10-25 00:00:00.000,60,13,2454,112653,256,40252,69,33122,687,2779,186027,4437978
2022-10-26 00:00:00.000,52,12,1326,113979,95,40347,36,33158,508,1457,187484,2011426
2022-10-27 00:00:00.000,14,10,1580,115559,79,40426,35,33193,1283,1694,189178,7859142
2022-10-28 00:00:00.000,14,9,1084,116643,69,40495,39,33232,812,1192,190370,3279087
2022-10-29 00:00:00.000,13,11,434,117077,80,40575,25,33257,342,539,190909,114307
2022-10-30 00:00:00.000,15,12,428,117505,390,40965,218,33475,343,1036,191945,166396
2022-10-31 00:00:00.000,14,12,859,118364,223,41188,271,33746,593,1353,193298,1414
2022-11-01 00:00:00.000,15,13,603,118967,217,41405,268,34014,458,1088,194386,1255
2022-11-02 00:00:00.000,13,11,455,119422,144,41549,218,34232,324,817,195203,821
2022-11-03 00:00:00.000,17,16,1553,120975,261,41810,80,34312,1344,1894,197097,6692960
2022-11-04 00:00:00.000,18,18,3742,124717,324,42134,226,34538,3145,4292,201389,86173
2022-11-05 00:00:00.000,20,18,2327,127044,287,42421,127,34665,1778,2741,204130,7690
2022-11-06 00:00:00.000,20,18,1686,128730,433,42854,202,34867,1323,2321,206451,146043
2022-11-07 00:00:00.000,16,14,2191,130921,645,43499,149,35016,2300,2985,209436,6099
2022-11-08 00:00:00.000,12,10,13264,144185,1142,44641,39,35055,13742,14445,223881,12230038
2022-11-09 00:00:00.000,11,9,2119,146304,169,44810,101,35156,2269,2389,226270,139580
2022-11-10 00:00:00.000,10,8,634,146938,28,44838,66,35222,669,728,226998,432216
2022-11-11 00:00:00.000,10,8,81,147019,20,44858,3,35225,77,104,227102,2303
2022-11-12 00:00:00.000,10,8,72,147091,32,44890,3,35228,80,107,227209,103
2022-11-13 00:00:00.000,11,8,382,147473,37,44927,3,35231,300,422,227631,372
2022-11-14 00:00:00.000,10,7,101,147574,48,44975,1,35232,125,150,227781,718134
2022-11-15 00:00:00.000,10,7,62,147636,49,45024,3,35235,93,114,227895,16148
2022-11-16 00:00:00.000,9,6,50,147686,23,45047,7,35242,51,80,227975,44988
2022-11-17 00:00:00.000,7,4,29,147715,17,45064,20,35262,50,66,228041,66
2022-11-18 00:00:00.000,9,7,330,148045,12,45076,23,35285,351,365,228406,376
2022-11-19 00:00:00.000,9,7,1286,149331,37,45113,4,35289,1308,1327,229733,134832
2022-11-20 00:00:00.000,10,8,11004,160335,429,45542,8,35297,11417,11441,241174,286968
2022-11-21 00:00:00.000,9,9,9847,170182,373,45915,"null",35297,10200,10220,251394,173977
2022-11-22 00:00:00.000,12,10,3333,173515,567,46482,1,35298,3881,3901,255295,216131
2022-11-23 00:00:00.000,8,6,1677,175192,96,46578,4,35302,1724,1777,257072,46845
2022-11-24 00:00:00.000,7,6,1683,176875,156,46734,1,35303,1803,1840,258912,71326
2022-11-25 00:00:00.000,8,6,149,177024,35,46769,4,35307,124,188,259100,187
2022-11-26 00:00:00.000,6,4,26,177050,6,46775,1,35308,23,33,259133,33
2022-11-27 00:00:00.000,6,5,33,177083,5,46780,"null",35308,24,38,259171,36
2022-11-28 00:00:00.000,7,7,44,177127,9,46789,"null",35308,35,53,259224,35
2022-11-29 00:00:00.000,6,5,23,177150,6,46795,"null",35308,23,29,259253,19
2022-11-30 00:00:00.000,5,5,11,177161,2,46797,"null",35308,9,13,259266,9
2022-12-01 00:00:00.000,4,4,18,177179,2,46799,"null",35308,15,20,259286,10
2022-12-02 00:00:00.000,5,4,18,177197,3,46802,1,35309,10,22,259308,18
2022-12-03 00:00:00.000,10,7,2878,180075,588,47390,72,35381,3509,3538,262846,21568
2022-12-04 00:00:00.000,4,4,4389,184464,438,47828,72,35453,4790,4899,267745,301864
2022-12-05 00:00:00.000,9,8,6793,191257,427,48255,57,35510,6429,7277,275022,172099
2022-12-06 00:00:00.000,6,6,11831,203088,554,48809,42,35552,10997,12427,287449,7858792
2022-12-07 00:00:00.000,6,6,10057,213145,595,49404,161,35713,9069,10813,298262,6197758
2022-12-08 00:00:00.000,9,8,4062,217207,183,49587,22,35735,3773,4267,302529,9321389
2022-12-09 00:00:00.000,6,5,2354,219561,62,49649,1,35736,2387,2417,304946,38247
2022-12-10 00:00:00.000,6,6,3162,222723,100,49749,2,35738,3228,3264,308210,5228
2022-12-11 00:00:00.000,5,5,57,222780,10,49759,2,35740,65,69,308279,87
2022-12-12 00:00:00.000,4,4,17,222797,1,49760,"null",35740,10,18,308297,102
2022-12-13 00:00:00.000,4,4,32,222829,2,49762,"null",35740,28,34,308331,856683
2022-12-14 00:00:00.000,7,7,501,223330,13,49775,6,35746,513,520,308851,1429028
2022-12-15 00:00:00.000,7,7,6285,229615,359,50134,265,36011,6901,6909,315760,11154409
2022-12-16 00:00:00.000,7,7,3063,232678,129,50263,68,36079,3151,3260,319020,21736615
2022-12-17 00:00:00.000,8,8,10472,243150,662,50925,8,36087,10819,11142,330162,1125522
2022-12-18 00:00:00.000,7,7,4477,247627,281,51206,"null",36087,4663,4758,334920,1045719
2022-12-19 00:00:00.000,7,7,4245,251872,140,51346,2,36089,4310,4387,339307,1151991
2022-12-20 00:00:00.000,6,5,3359,255231,91,51437,11,36100,3248,3461,342768,9142568
2022-12-21 00:00:00.000,9,8,1975,257206,46,51483,6,36106,1927,2027,344795,4601425
2022-12-22 00:00:00.000,10,7,4372,261578,362,51845,96,36202,2814,4830,349625,24157776
2022-12-23 00:00:00.000,10,7,2112,263690,107,51952,42,36244,1052,2261,351886,10619791
2022-12-24 00:00:00.000,7,4,476,264166,87,52039,44,36288,188,607,352493,1789672
2022-12-25 00:00:00.000,8,5,229,264395,13,52052,8,36296,95,250,352743,2934700
2022-12-26 00:00:00.000,6,4,402,264797,25,52077,13,36309,165,440,353183,5699641
2022-12-27 00:00:00.000,8,6,81,264878,20,52097,12,36321,59,113,353296,6423707
2022-12-28 00:00:00.000,4,4,7480,272358,1168,53265,4,36325,8597,8652,361948,467178
2022-12-29 00:00:00.000,6,6,8341,280699,560,53825,1,36326,8899,8902,370850,331189
2022-12-30 00:00:00.000,6,6,10809,291508,1099,54924,1,36327,10279,11909,382759,7986897
2022-12-31 00:00:00.000,4,4,3130,294638,203,55127,"null",36327,3233,3333,386092,7534736
2023-01-01 00:00:00.000,4,4,478,295116,14,55141,"null",36327,490,492,386584,261542
2023-01-02 00:00:00.000,2,2,4,295120,"null",55141,"null",36327,4,4,386588,2590
2023-01-03 00:00:00.000,2,2,5,295125,"null",55141,"null",36327,5,5,386593,95019
2023-01-04 00:00:00.000,3,3,4,295129,1,55142,1,36328,6,6,386599,1916
2023-01-05 00:00:00.000,2,2,7,295136,"null",55142,"null",36328,7,7,386606,8
2023-01-06 00:00:00.000,2,2,30,295166,1,55143,"null",36328,31,31,386637,126
2023-01-07 00:00:00.000,4,4,235,295401,7,55150,1,36329,243,243,386880,645430
2023-01-08 00:00:00.000,4,4,96,295497,15,55165,"null",36329,107,111,386991,150
2023-01-09 00:00:00.000,3,3,16,295513,"null",55165,"null",36329,16,16,387007,19
2023-01-10 00:00:00.000,1,1,4,295517,"null",55165,"null",36329,4,4,387011,4
2023-01-11 00:00:00.000,6,4,56,295573,45,55210,30,36359,116,131,387142,152
2023-01-12 00:00:00.000,9,7,49,295622,13,55223,32,36391,86,94,387236,238191
2023-01-13 00:00:00.000,4,3,9,295631,"null",55223,9,36400,14,18,387254,137517
2023-01-14 00:00:00.000,2,2,5,295636,"null",55223,1,36401,6,6,387260,1056
2023-01-15 00:00:00.000,6,4,11,295647,1,55224,2,36403,12,14,387274,17652
2023-01-16 00:00:00.000,3,3,4,295651,1,55225,1,36404,6,6,387280,55321
2023-01-17 00:00:00.000,7,5,139,295790,2,55227,2,36406,102,143,387423,12553853
2023-01-18 00:00:00.000,8,6,2665,298455,464,55691,1,36407,3111,3130,390553,50697650
2023-01-19 00:00:00.000,8,6,4315,302770,408,56099,46,36453,4761,4769,395322,23648417
2023-01-20 00:00:00.000,10,9,9111,311881,418,56517,301,36754,7822,9830,405152,47553147
2023-01-21 00:00:00.000,11,11,6936,318817,278,56795,110,36864,5785,7324,412476,770739412
2023-01-22 00:00:00.000,6,6,4724,323541,470,57265,412,37276,4630,5606,418082,15526801
2023-01-23 00:00:00.000,8,8,203,323744,5,57270,16,37292,197,224,418306,52763261
2023-01-24 00:00:00.000,3,3,13,323757,2,57272,"null",37292,14,15,418321,14758
2023-01-25 00:00:00.000,2,2,3,323760,"null",57272,"null",37292,3,3,418324,50
2023-01-26 00:00:00.000,3,3,3,323763,"null",57272,2,37294,5,5,418329,483
2023-01-27 00:00:00.000,4,3,17136,340899,1617,58889,"null",37294,18448,18753,437082,684951
2023-01-28 00:00:00.000,4,4,10228,351127,453,59342,3975,41269,13459,14656,451738,44248
2023-01-29 00:00:00.000,4,4,5084,356211,286,59628,1162,42431,6181,6532,458270,9804188
2023-01-30 00:00:00.000,6,6,4444,360655,329,59957,920,43351,5469,5693,463963,5643145
2023-01-31 00:00:00.000,4,4,2191,362846,118,60075,"null",43351,2271,2309,466272,5610001
2023-02-01 00:00:00.000,4,4,1771,364617,108,60183,"null",43351,1871,1879,468151,92436
2023-02-02 00:00:00.000,4,4,34,364651,4,60187,"null",43351,36,38,468189,1327506
2023-02-03 00:00:00.000,3,3,20,364671,11,60198,2,43353,33,33,468222,992284
2023-02-04 00:00:00.000,6,5,1093,365764,23,60221,15,43368,1103,1131,469353,7246045
2023-02-05 00:00:00.000,14,9,615,366379,22,60243,42,43410,637,679,470032,21470232
2023-02-06 00:00:00.000,13,8,297,366676,24,60267,64,43474,304,385,470417,49879249
2023-02-07 00:00:00.000,11,8,141,366817,14,60281,8,43482,150,163,470580,68857914
2023-02-08 00:00:00.000,6,6,283,367100,52,60333,127,43609,460,462,471042,640916809
2023-02-09 00:00:00.000,8,7,164,367264,30,60363,12,43621,195,206,471248,28223890
2023-02-10 00:00:00.000,4,4,57,367321,6,60369,"null",43621,61,63,471311,13432173
2023-02-11 00:00:00.000,5,5,4415,371736,3054,63423,5696,49317,12999,13165,484476,7651682
2023-02-12 00:00:00.000,7,6,3657,375393,2453,65876,5161,54478,11128,11271,495747,8823193
2023-02-13 00:00:00.000,9,8,4985,380378,2214,68090,3929,58407,10498,11128,506875,9884522
2023-02-14 00:00:00.000,9,8,5385,385763,1820,69910,701,59108,7623,7906,514781,30044318
2023-02-15 00:00:00.000,8,8,2344,388107,541,70451,167,59275,3035,3052,517833,19513163
2023-02-16 00:00:00.000,6,6,1002,389109,266,70717,114,59389,1366,1382,519215,2791918
2023-02-17 00:00:00.000,8,7,3268,392377,1267,71984,14,59403,4539,4549,523764,1316829
2023-02-18 00:00:00.000,11,9,2307,394684,730,72714,240,59643,3020,3277,527041,16164460
2023-02-19 00:00:00.000,10,9,6003,400687,754,73468,845,60488,6106,7602,534643,23812507
2023-02-20 00:00:00.000,12,9,3244,403931,130,73598,440,60928,3298,3814,538457,72261373
2023-02-21 00:00:00.000,11,8,2058,405989,13,73611,117,61045,2058,2188,540645,3698318
2023-02-22 00:00:00.000,9,8,1593,407582,69,73680,8,61053,1508,1670,542315,3074322
2023-02-23 00:00:00.000,5,5,813,408395,9,73689,"null",61053,809,822,543137,28639
2023-02-24 00:00:00.000,9,8,425,408820,4,73693,1482,62535,1870,1911,545048,58772646
2023-02-25 00:00:00.000,7,6,831,409651,1,73694,7197,69732,7861,8029,553077,45416
2023-02-26 00:00:00.000,8,7,19,409670,2,73696,1461,71193,1468,1482,554559,2967
2023-02-27 00:00:00.000,4,4,7,409677,7,73703,1127,72320,1131,1141,555700,1494
2023-02-28 00:00:00.000,5,5,5,409682,"null",73703,352,72672,353,357,556057,1730816
2023-03-01 00:00:00.000,1,1,"null",409682,"null",73703,746,73418,732,746,556803,15779348
2023-03-02 00:00:00.000,4,3,152,409834,20,73723,331,73749,498,503,557306,5646502
2023-03-03 00:00:00.000,6,6,158,409992,34,73757,207,73956,391,399,557705,12455746
2023-03-04 00:00:00.000,6,6,120,410112,10,73767,"null",73956,112,130,557835,5738724
2023-03-05 00:00:00.000,6,6,91,410203,18,73785,13,73969,104,122,557957,3202836
2023-03-06 00:00:00.000,3,3,18,410221,5,73790,1,73970,24,24,557981,1558997
2023-03-07 00:00:00.000,2,2,24,410245,1,73791,2,73972,27,27,558008,128437
2023-03-08 00:00:00.000,2,2,33,410278,3,73794,1,73973,37,37,558045,74
2023-03-09 00:00:00.000,3,3,22,410300,"null",73794,"null",73973,22,22,558067,48
2023-03-10 00:00:00.000,1,1,8,410308,"null",73794,2,73975,10,10,558077,20
2023-03-12 00:00:00.000,5,3,3567,413875,352,74146,1326,75301,1835,5245,563322,21035218
2023-03-13 00:00:00.000,5,3,2781,416656,258,74404,1145,76446,1618,4184,567506,11247845
2023-03-14 00:00:00.000,7,5,1160,417816,38,74442,337,76783,745,1535,569041,13062520
2023-03-15 00:00:00.000,7,5,295,418111,9,74451,17,76800,280,321,569362,1200239
2023-03-16 00:00:00.000,5,5,77,418188,3,74454,"null",76800,79,80,569442,872722
2023-03-17 00:00:00.000,3,3,2,418190,1,74455,11,76811,14,14,569456,27
2023-03-19 00:00:00.000,3,3,2,418192,"null",74455,4,76815,5,6,569462,10
2023-03-20 00:00:00.000,2,2,14,418206,3,74458,5,76820,22,22,569484,112
2023-03-21 00:00:00.000,4,4,1242,419448,21,74479,"null",76820,1260,1263,570747,9596560
2023-03-22 00:00:00.000,6,5,1536,420984,14,74493,3,76823,1548,1553,572300,27086522
2023-03-23 00:00:00.000,6,6,4710,425694,140,74633,"null",76823,4400,4850,577150,27473530
2023-03-24 00:00:00.000,10,10,4425,430119,144,74777,"null",76823,3765,4569,581719,3823748
2023-03-25 00:00:00.000,11,11,5513,435632,437,75214,25,76848,5219,5975,587694,1009998
2023-03-26 00:00:00.000,6,6,3717,439349,387,75601,14,76862,3807,4118,591812,390580
2023-03-27 00:00:00.000,7,6,630,439979,154,75755,6,76868,789,790,592602,262170
2023-03-28 00:00:00.000,2,2,453,440432,141,75896,"null",76868,594,594,593196,92485
2023-03-29 00:00:00.000,4,4,4532,444964,687,76583,"null",76868,5059,5219,598415,756819
2023-03-30 00:00:00.000,5,5,17917,462881,372,76955,173,77041,17324,18462,616877,17726296
2023-03-31 00:00:00.000,10,9,6164,469045,389,77344,238,77279,6459,6791,623668,8777898
2023-04-01 00:00:00.000,10,10,2705,471750,721,78065,147,77426,3485,3573,627241,17942928
2023-04-02 00:00:00.000,5,5,1403,473153,2725,80790,128,77554,4165,4256,631497,61828817
2023-04-03 00:00:00.000,4,4,652,473805,1355,82145,91,77645,2065,2098,633595,18497182
2023-04-04 00:00:00.000,5,3,30,473835,1,82146,1,77646,30,32,633627,5326065
2023-04-05 00:00:00.000,3,3,110,473945,5,82151,3,77649,118,118,633745,617259
2023-04-06 00:00:00.000,6,6,64,474009,22,82173,17,77666,102,103,633848,1503759
2023-04-07 00:00:00.000,6,5,15,474024,11,82184,47,77713,72,73,633921,1246653
2023-04-08 00:00:00.000,4,4,16722,490746,617,82801,1127,78840,17733,18466,652387,30127184
2023-04-09 00:00:00.000,3,3,6286,497032,1395,84196,380,79220,7935,8061,660448,24136642
2023-04-10 00:00:00.000,7,6,14537,511569,3133,87329,972,80192,12037,18642,679090,130839667
2023-04-11 00:00:00.000,7,5,47669,559238,5516,92845,1616,81808,23779,54801,733891,87955662
2023-04-12 00:00:00.000,10,7,20294,579532,3045,95890,1204,83012,10914,24543,758434,39383707
2023-04-13 00:00:00.000,14,10,13772,593304,4077,99967,755,83767,8132,18604,777038,59592824
2023-04-14 00:00:00.000,15,9,12278,605582,3941,103908,626,84393,8904,16845,793883,31610557
2023-04-15 00:00:00.000,14,8,8752,614334,1680,105588,398,84791,7152,10830,804713,6356254
2023-04-16 00:00:00.000,34,28,5482,619816,728,106316,120,84911,4199,6330,811043,23544598
2023-04-17 00:00:00.000,22,13,5554,625370,1274,107590,225,85136,4502,7053,818096,87504246
2023-04-18 00:00:00.000,37,22,9547,634917,2097,109687,23,85159,7380,11667,829763,897886073
2023-04-19 00:00:00.000,34,17,12476,647393,855,110542,5080,90239,11130,18411,848174,10204019
2023-04-20 00:00:00.000,15,10,4957,652350,583,111125,5247,95486,6730,10787,858961,2801125
2023-04-21 00:00:00.000,8,6,1356,653706,230,111355,2093,97579,2565,3679,862640,633962
2023-04-22 00:00:00.000,10,5,560,654266,22,111377,1952,99531,1474,2534,865174,42507
2023-04-23 00:00:00.000,12,7,522,654788,15,111392,964,100495,1057,1501,866675,154564
2023-04-24 00:00:00.000,9,8,872,655660,282,111674,1573,102068,1723,2727,869402,518380
2023-04-25 00:00:00.000,15,15,130,655790,16,111690,2,102070,137,148,869550,385245
2023-04-26 00:00:00.000,17,11,57,655847,3,111693,"null",102070,43,60,869610,15647
2023-04-27 00:00:00.000,13,11,66,655913,15,111708,"null",102070,45,81,869691,20175
2023-04-28 00:00:00.000,16,11,42,655955,4,111712,"null",102070,15,46,869737,84
2023-04-29 00:00:00.000,20,14,54,656009,1,111713,1,102071,12,56,869793,56
2023-04-30 00:00:00.000,19,8,4947,660956,1612,113325,"null",102071,2294,6559,876352,1309757240
2023-05-01 00:00:00.000,33,18,2726,663682,949,114274,2,102073,1683,3677,880029,20834116
2023-05-02 00:00:00.000,51,30,2917,666599,963,115237,40,102113,1831,3920,883949,18197233
2023-05-03 00:00:00.000,18,13,206,666805,42,115279,25,102138,207,273,884222,1235286
2023-05-04 00:00:00.000,23,21,801,667606,72,115351,6,102144,366,879,885101,4231290
2023-05-05 00:00:00.000,22,20,3720,671326,203,115554,1,102145,1419,3924,889025,3471213
2023-05-06 00:00:00.000,16,14,1848,673174,51,115605,"null",102145,750,1899,890924,8064693
2023-05-07 00:00:00.000,9,8,2144,675318,345,115950,1,102146,2224,2490,893414,7592498
2023-05-08 00:00:00.000,11,10,2203,677521,240,116190,1,102147,2202,2444,895858,118418273
2023-05-09 00:00:00.000,16,12,3563,681084,469,116659,75,102222,2812,4107,899965,83630176
2023-05-10 00:00:00.000,22,21,957,682041,115,116774,21,102243,696,1093,901058,441086153
2023-05-11 00:00:00.000,10,9,575,682616,19,116793,13,102256,326,607,901665,2401876
2023-05-12 00:00:00.000,19,17,34,682650,39,116832,130,102386,160,203,901868,9898521
2023-05-13 00:00:00.000,12,6,220,682870,42,116874,251,102637,421,513,902381,129665231852354
2023-05-14 00:00:00.000,7,4,26,682896,7,116881,150,102787,173,183,902564,3842613963091
2023-05-15 00:00:00.000,14,12,1535,684431,310,117191,60,102847,1892,1905,904469,34315460
2023-05-16 00:00:00.000,11,11,582,685013,27,117218,9,102856,612,618,905087,2373271
2023-05-17 00:00:00.000,4,4,440,685453,27,117245,5,102861,470,472,905559,2346272
2023-05-18 00:00:00.000,4,4,43,685496,14,117259,"null",102861,57,57,905616,54933
2023-05-19 00:00:00.000,4,3,48,685544,6,117265,"null",102861,45,54,905670,487012
2023-05-20 00:00:00.000,7,6,52,685596,9,117274,"null",102861,57,61,905731,296205
2023-05-21 00:00:00.000,16,11,3250,688846,74,117348,"null",102861,3295,3324,909055,1910441
2023-05-22 00:00:00.000,9,8,2059,690905,567,117915,"null",102861,2562,2626,911681,5426218
2023-05-23 00:00:00.000,8,7,629,691534,95,118010,"null",102861,721,724,912405,428768234
2023-05-24 00:00:00.000,6,6,1539,693073,324,118334,"null",102861,1859,1863,914268,1820330
2023-05-25 00:00:00.000,10,9,2003,695076,112,118446,"null",102861,2112,2115,916383,2319130
2023-05-26 00:00:00.000,12,5,200,695276,4,118450,"null",102861,197,204,916587,1183569
2023-05-27 00:00:00.000,5,5,61,695337,"null",118450,"null",102861,61,61,916648,1414071
2023-05-28 00:00:00.000,4,4,26,695363,2,118452,"null",102861,28,28,916676,5231324
2023-05-29 00:00:00.000,9,8,47,695410,8,118460,40,102901,94,95,916771,874344
2023-05-30 00:00:00.000,6,6,43,695453,2,118462,37,102938,81,82,916853,1117983
2023-05-31 00:00:00.000,4,4,35,695488,1,118463,20,102958,56,56,916909,2220538
2023-06-01 00:00:00.000,6,6,116,695604,19,118482,43,103001,178,178,917087,27046665608781
2023-06-02 00:00:00.000,5,5,310,695914,727,119209,41,103042,1077,1078,918165,8937853546360
2023-06-03 00:00:00.000,6,6,214,696128,147,119356,10,103052,370,371,918536,2005322264339
2023-06-04 00:00:00.000,2,2,157,696285,119,119475,1,103053,277,277,918813,850070
2023-06-05 00:00:00.000,3,3,54,696339,40,119515,"null",103053,94,94,918907,800303
2023-06-06 00:00:00.000,3,3,25,696364,"null",119515,"null",103053,24,25,918932,5802719
2023-06-07 00:00:00.000,1,1,7,696371,"null",119515,"null",103053,7,7,918939,11783732
2023-06-08 00:00:00.000,8,6,557,696928,231,119746,"null",103053,425,788,919727,1469532
2023-06-09 00:00:00.000,7,6,3277,700205,579,120325,"null",103053,2022,3856,923583,5876686
2023-06-10 00:00:00.000,3,2,1117,701322,110,120435,"null",103053,658,1227,924810,4061108
2023-06-11 00:00:00.000,6,5,757,702079,83,120518,2,103055,442,842,925652,280924
2023-06-12 00:00:00.000,6,5,1443,703522,337,120855,"null",103055,1564,1780,927432,5467728
2023-06-13 00:00:00.000,11,9,810,704332,155,121010,11,103066,967,976,928408,444281852
2023-06-14 00:00:00.000,15,14,1439,705771,228,121238,26,103092,1689,1693,930101,9544301
2023-06-15 00:00:00.000,19,15,1140,706911,176,121414,"null",103092,1302,1316,931417,15595523
2023-06-16 00:00:00.000,17,16,1372,708283,376,121790,4,103096,1743,1752,933169,4899343
2023-06-17 00:00:00.000,17,13,953,709236,148,121938,2,103098,1099,1103,934272,7389113
2023-06-18 00:00:00.000,26,24,117,709353,1,121939,"null",103098,103,118,934390,5127690
2023-06-19 00:00:00.000,22,22,48,709401,"null",121939,201,103299,237,249,934639,7680237
2023-06-20 00:00:00.000,25,25,12044,721445,627,122566,4152,107451,13947,16823,951462,17460493
2023-06-21 00:00:00.000,57,56,7791,729236,546,123112,3612,111063,10410,11949,963411,4766056
2023-06-22 00:00:00.000,18,17,7042,736278,664,123776,2594,113657,9252,10300,973711,7192982
2023-06-23 00:00:00.000,273,272,8502,744780,697,124473,2484,116141,9593,11683,985394,31092367
2023-06-24 00:00:00.000,216,213,5964,750744,948,125421,688,116829,6875,7600,992994,3602980
2023-06-25 00:00:00.000,172,170,4605,755349,512,125933,735,117564,4922,5852,998846,17295371
2023-06-26 00:00:00.000,174,167,3881,759230,471,126404,962,118526,4688,5314,1004160,55975490
2023-06-27 00:00:00.000,106,104,594,759824,30,126434,62,118588,645,686,1004846,15917350
2023-06-28 00:00:00.000,146,146,156,759980,31,126465,11,118599,106,198,1005044,110050
2023-06-29 00:00:00.000,125,125,1113,761093,55,126520,31,118630,1141,1199,1006243,3332331
2023-06-30 00:00:00.000,132,129,9862,770955,600,127120,493,119123,10702,10955,1017198,10895526
2023-07-01 00:00:00.000,145,145,12104,783059,1211,128331,497,119620,12909,13812,1031010,2014331
2023-07-02 00:00:00.000,44,42,9104,792163,704,129035,437,120057,9500,10245,1041255,1638730
2023-07-03 00:00:00.000,70,67,6822,798985,656,129691,328,120385,7393,7806,1049061,16142167
2023-07-04 00:00:00.000,35,33,3915,802900,399,130090,172,120557,4422,4486,1053547,19331959
2023-07-05 00:00:00.000,13,13,3005,805905,286,130376,116,120673,3383,3407,1056954,36637602
2023-07-06 00:00:00.000,39,34,9526,815431,1694,132070,517,121190,11372,11737,1068691,49366720
2023-07-07 00:00:00.000,49,45,6615,822046,6605,138675,938,122128,14122,14158,1082849,43070933
2023-07-08 00:00:00.000,56,47,3840,825886,3932,142607,484,122612,8173,8256,1091105,25968877
2023-07-09 00:00:00.000,42,36,3487,829373,3687,146294,587,123199,7741,7761,1098866,2877545
2023-07-10 00:00:00.000,38,33,2193,831566,2209,148503,340,123539,4732,4742,1103608,2552098
2023-07-11 00:00:00.000,10,10,1199,832765,1290,149793,109,123648,2597,2598,1106206,18613477
2023-07-12 00:00:00.000,19,18,7052,839817,2284,152077,376,124024,9259,9712,1115918,18070633
2023-07-13 00:00:00.000,52,50,10235,850052,2029,154106,276,124300,9526,12540,1128458,39678089
2023-07-14 00:00:00.000,49,44,5201,855253,558,154664,135,124435,4270,5894,1134352,20962039
2023-07-15 00:00:00.000,31,29,13522,868775,2365,157029,478,124913,12980,16365,1150717,869557473
2023-07-16 00:00:00.000,44,43,8339,877114,4782,161811,625,125538,12787,13746,1164463,12758371
2023-07-17 00:00:00.000,223,220,5763,882877,4427,166238,716,126254,10303,10906,1175369,14096520
2023-07-18 00:00:00.000,120,119,3491,886368,2942,169180,389,126643,6366,6822,1182191,58316614
2023-07-19 00:00:00.000,96,96,2103,888471,1795,170975,628,127271,4423,4526,1186717,23882972
2023-07-20 00:00:00.000,112,110,1454,889925,1237,172212,409,127680,2966,3100,1189817,27571781
2023-07-21 00:00:00.000,82,79,2852,892777,1425,173637,682,128362,4786,4959,1194776,69362058
2023-07-22 00:00:00.000,63,63,11210,903987,911,174548,648,129010,12626,12769,1207545,22048736
2023-07-23 00:00:00.000,66,65,9211,913198,1291,175839,344,129354,10743,10846,1218391,21548740
2023-07-24 00:00:00.000,57,54,8850,922048,1117,176956,438,129792,10303,10405,1228796,81206307
2023-07-25 00:00:00.000,56,51,7101,929149,2026,178982,408,130200,7562,9535,1238331,26984325
2023-07-26 00:00:00.000,52,49,4699,933848,1255,180237,432,130632,5587,6386,1244717,32191697
2023-07-27 00:00:00.000,45,44,3364,937212,770,181007,235,130867,3897,4369,1249086,19100956
2023-07-28 00:00:00.000,59,57,7088,944300,1129,182136,150,131017,7671,8367,1257453,3846183
2023-07-29 00:00:00.000,92,89,1784,946084,600,182736,130,131147,1958,2514,1259967,2342878
2023-07-30 00:00:00.000,94,92,1024,947108,57,182793,25,131172,985,1106,1261073,8586553410
2023-07-31 00:00:00.000,65,64,1009,948117,161,182954,8,131180,1124,1178,1262251,6394792
2023-08-01 00:00:00.000,58,58,101,948218,18,182972,3,131183,93,122,1262373,4261326
2023-08-02 00:00:00.000,97,96,882,949100,347,183319,3,131186,1087,1232,1263605,140615761
2023-08-03 00:00:00.000,100,98,597,949697,135,183454,1,131187,690,733,1264338,561126997
2023-08-04 00:00:00.000,69,66,817,950514,93,183547,2,131189,886,912,1265250,34899023
2023-08-05 00:00:00.000,101,99,300,950814,109,183656,6,131195,348,415,1265665,536767242589
2023-08-06 00:00:00.000,40,39,50,950864,11,183667,1,131196,41,62,1265727,1869560
2023-08-07 00:00:00.000,37,37,123,950987,86,183753,1,131197,115,210,1265937,1395122
2023-08-08 00:00:00.000,69,67,4338,955325,1489,185242,375,131572,5719,6202,1272139,4799948
2023-08-09 00:00:00.000,77,74,12602,967927,1519,186761,565,132137,14010,14686,1286825,1976741
2023-08-10 00:00:00.000,62,60,8005,975932,1343,188104,514,132651,9321,9862,1296687,17902888
2023-08-11 00:00:00.000,69,66,9839,985771,738,188842,481,133132,10707,11058,1307745,24777337
2023-08-12 00:00:00.000,106,104,7762,993533,660,189502,438,133570,8068,8860,1316605,19293177
2023-08-13 00:00:00.000,70,67,21222,1014755,1739,191241,1307,134877,18655,24268,1340873,20883109
2023-08-14 00:00:00.000,34,31,10953,1025708,1385,192626,839,135716,10286,13177,1354050,11484444
2023-08-15 00:00:00.000,104,92,6289,1031997,1218,193844,588,136304,6447,8095,1362145,4000464
2023-08-16 00:00:00.000,13,13,3370,1035367,306,194150,123,136427,3790,3799,1365944,780142
2023-08-17 00:00:00.000,20,20,2488,1037855,213,194363,62,136489,2737,2763,1368707,1965373
2023-08-18 00:00:00.000,8,7,1982,1039837,165,194528,71,136560,2216,2218,1370925,13111755
2023-08-19 00:00:00.000,10,9,1365,1041202,134,194662,33,136593,1528,1532,1372457,30223135
2023-08-20 00:00:00.000,12,12,24,1041226,5,194667,"null",136593,9,29,1372486,1302
2023-08-21 00:00:00.000,8,7,822,1042048,242,194909,6,136599,915,1070,1373556,83894963
2023-08-22 00:00:00.000,26,24,1164,1043212,178,195087,"null",136599,1186,1342,1374898,32495109
2023-08-23 00:00:00.000,19,19,1121,1044333,183,195270,24,136623,1230,1328,1376226,90113860
2023-08-24 00:00:00.000,6,6,726,1045059,109,195379,14,136637,762,849,1377075,12074453
2023-08-25 00:00:00.000,18,18,1579,1046638,213,195592,254,136891,2016,2046,1379121,6898718
2023-08-26 00:00:00.000,14,14,15426,1062064,1148,196740,970,137861,17535,17544,1396665,1073355719658
2023-08-27 00:00:00.000,40,31,6539,1068603,484,197224,510,138371,7474,7533,1404198,536673030647
2023-08-28 00:00:00.000,11,10,7994,1076597,536,197760,248,138619,8738,8778,1412976,47951657
2023-08-29 00:00:00.000,18,17,4937,1081534,542,198302,180,138799,5579,5659,1418635,26796370
2023-08-30 00:00:00.000,24,21,2735,1084269,473,198775,112,138911,3279,3320,1421955,6471212
2023-08-31 00:00:00.000,21,20,11075,1095344,1079,199854,852,139763,11004,13006,1434961,21281848
2023-09-01 00:00:00.000,25,21,12305,1107649,1031,200885,712,140475,11443,14048,1449009,63020335
2023-09-02 00:00:00.000,26,24,6078,1113727,572,201457,305,140780,6888,6955,1455964,13637086
2023-09-03 00:00:00.000,10,10,5316,1119043,248,201705,234,141014,5796,5798,1461762,6669586
2023-09-04 00:00:00.000,23,17,3126,1122169,402,202107,206,141220,3697,3734,1465496,1000000470450694500
2023-09-05 00:00:00.000,21,15,6977,1129146,816,202923,246,141466,8006,8039,1473535,31876330
2023-09-06 00:00:00.000,19,14,11347,1140493,4714,207637,7492,148958,11388,23553,1497088,67019668
2023-09-07 00:00:00.000,26,17,26706,1167199,15094,222731,33964,182922,21746,75764,1572852,13845404
2023-09-08 00:00:00.000,17,11,21157,1188356,5067,227798,15236,198158,12749,41460,1614312,38933282
2023-09-09 00:00:00.000,12,8,6933,1195289,2656,230454,6762,204920,5632,16351,1630663,10435019
2023-09-10 00:00:00.000,12,7,4794,1200083,1647,232101,5223,210143,3681,11664,1642327,2240897
2023-09-11 00:00:00.000,18,12,5945,1206028,2551,234652,17869,228012,12751,26365,1668692,109030090
2023-09-12 00:00:00.000,18,13,4255,1210283,2118,236770,14404,242416,9805,20777,1689469,206166772
2023-09-13 00:00:00.000,11,6,4100,1214383,1751,238521,11618,254034,7372,17469,1706938,202540353
2023-09-14 00:00:00.000,13,11,272,1214655,43,238564,3764,257798,3857,4079,1711017,19854631
2023-09-15 00:00:00.000,11,9,343,1214998,32,238596,3369,261167,3670,3744,1714761,95534685
2023-09-16 00:00:00.000,8,7,183,1215181,5,238601,2690,263857,2833,2878,1717639,16245751
2023-09-17 00:00:00.000,8,6,15,1215196,1,238602,2781,266638,2789,2797,1720436,11035588
2023-09-18 00:00:00.000,40,36,396,1215592,133,238735,200,266838,651,729,1721165,113678832
2023-09-19 00:00:00.000,45,39,2843,1218435,957,239692,505,267343,3146,4305,1725470,77146983
2023-09-20 00:00:00.000,30,26,3902,1222337,999,240691,197,267540,3969,5098,1730568,59400927
2023-09-21 00:00:00.000,69,65,2271,1224608,545,241236,168,267708,2362,2984,1733552,8380668
2023-09-22 00:00:00.000,9,7,1078,1225686,109,241345,2,267710,1181,1189,1734741,9144101
2023-09-23 00:00:00.000,6,6,560,1226246,10,241355,6,267716,576,576,1735317,6815
2023-09-24 00:00:00.000,6,6,91,1226337,1,241356,4,267720,96,96,1735413,4745
2023-09-25 00:00:00.000,29,25,8162,1234499,972,242328,598,268318,8764,9732,1745145,224452899
2023-09-26 00:00:00.000,19,17,13989,1248488,1637,243965,787,269105,14622,16413,1761558,195454744
2023-09-27 00:00:00.000,20,16,9439,1257927,1381,245346,11482,280587,12857,22302,1783860,194737707
2023-09-28 00:00:00.000,27,25,8939,1266866,1116,246462,24266,304853,15844,34321,1818181,945428797
2023-09-29 00:00:00.000,24,20,8437,1275303,947,247409,20193,325046,14007,29577,1847758,16218977
2023-09-30 00:00:00.000,30,27,4491,1279794,411,247820,11507,336553,7243,16409,1864167,20120559
2023-10-01 00:00:00.000,18,15,3404,1283198,341,248161,8779,345332,5605,12524,1876691,12616731
2023-10-02 00:00:00.000,26,19,1738,1284936,51,248212,4368,349700,3596,6157,1882848,78772853
2023-10-03 00:00:00.000,37,30,57,1284993,2,248214,2740,352440,1639,2799,1885647,79878597
2023-10-04 00:00:00.000,29,22,52,1285045,6,248220,1707,354147,916,1765,1887412,124094269
2023-10-05 00:00:00.000,22,17,40,1285085,3,248223,2,354149,14,45,1887457,1240839
2023-10-06 00:00:00.000,109,14,165511,1450596,140649,388872,20602,374751,11304,326762,2214219,1350132844
2023-10-07 00:00:00.000,133,32,259673,1710269,79744,468616,14809,389560,12487,354226,2568445,584720558
2023-10-08 00:00:00.000,116,22,192937,1903206,86715,555331,25860,415420,10114,305512,2873957,894111608
2023-10-09 00:00:00.000,102,8,124279,2027485,81400,636731,34408,449828,7925,240087,3114044,763042869
2023-10-10 00:00:00.000,104,10,108628,2136113,64292,701023,27296,477124,7974,200216,3314260,1694772488
2023-10-11 00:00:00.000,109,15,101147,2237260,48769,749792,11659,488783,6588,161575,3475835,1255689752
2023-10-12 00:00:00.000,103,9,138222,2375482,84230,834022,36354,525137,9054,258806,3734641,7610329062
2023-10-13 00:00:00.000,104,10,9517,2384999,4043,838065,2489,527626,1566,16049,3750690,489285873
2023-10-14 00:00:00.000,7,7,6,2385005,2,838067,1,527627,9,9,3750699,5314466
2023-10-15 00:00:00.000,12,12,9,2385014,7,838074,9,527636,20,25,3750724,1253510
2023-10-16 00:00:00.000,11,9,27,2385041,"null",838074,61,527697,82,88,3750812,39602446
2023-10-17 00:00:00.000,16,15,37,2385078,1,838075,94,527791,119,132,3750944,116887334
2023-10-18 00:00:00.000,22,21,27,2385105,14,838089,39,527830,69,80,3751024,86869359
2023-10-19 00:00:00.000,11,9,42,2385147,4,838093,17,527847,59,63,3751087,1073218
2023-10-20 00:00:00.000,15,15,49,2385196,10,838103,14,527861,61,73,3751160,184648
2023-10-21 00:00:00.000,10,10,23,2385219,3,838106,2,527863,28,28,3751188,9026
2023-10-22 00:00:00.000,14,13,98,2385317,79,838185,20,527883,193,197,3751385,105008272710
2023-10-23 00:00:00.000,19,16,329,2385646,428,838613,133,528016,863,890,3752275,69644439
2023-10-24 00:00:00.000,17,16,613,2386259,243,838856,137,528153,946,993,3753268,138634661
2023-10-25 00:00:00.000,18,16,16468,2402727,2648,841504,968,529121,12595,20084,3773352,456072853
2023-10-26 00:00:00.000,17,16,28674,2431401,4075,845579,1651,530772,18867,34400,3807752,27009474
2023-10-27 00:00:00.000,14,13,11518,2442919,1876,847455,882,531654,8266,14276,3822028,25806925
2023-10-28 00:00:00.000,14,13,7647,2450566,830,848285,436,532090,4845,8913,3830941,4350610
2023-10-29 00:00:00.000,16,16,4212,2454778,300,848585,202,532292,2624,4714,3835655,3285417
2023-10-30 00:00:00.000,19,17,5539,2460317,853,849438,7581,539873,9332,13973,3849628,112117597
2023-10-31 00:00:00.000,13,12,6847,2467164,1478,850916,11957,551830,13717,20282,3869910,212148033
2023-11-01 00:00:00.000,13,12,915,2468079,838,851754,8034,559864,8260,9787,3879697,152350962
2023-11-02 00:00:00.000,8,8,356,2468435,20,851774,6192,566056,6204,6568,3886265,25437986
2023-11-03 00:00:00.000,9,9,14491,2482926,2345,854119,6607,572663,13654,23443,3909708,48594304
2023-11-04 00:00:00.000,7,7,23148,2506074,8020,862139,6022,578685,14073,37190,3946898,59881768
2023-11-05 00:00:00.000,6,6,19058,2525132,5027,867166,4718,583403,10855,28803,3975701,80405840
2023-11-06 00:00:00.000,12,9,21557,2546689,7117,874283,2735,586138,12638,31409,4007110,254251873
2023-11-07 00:00:00.000,13,11,24307,2570996,5316,879599,1866,588004,15230,31489,4038599,72581639
2023-11-08 00:00:00.000,11,9,16830,2587826,3809,883408,1833,589837,11629,22472,4061071,157093851
2023-11-09 00:00:00.000,10,10,12076,2599902,2534,885942,1028,590865,8047,15638,4076709,53217537
2023-11-10 00:00:00.000,11,11,6413,2606315,593,886535,287,591152,4210,7293,4084002,76072771
2023-11-11 00:00:00.000,8,8,8173,2614488,1665,888200,169,591321,8421,10007,4094009,39821300
2023-11-12 00:00:00.000,7,7,8552,2623040,7697,895897,357,591678,13716,16606,4110615,12333381
2023-11-13 00:00:00.000,10,9,7558,2630598,5888,901785,334,592012,10510,13780,4124395,160716338
2023-11-14 00:00:00.000,10,8,2291,2632889,1933,903718,210,592222,3434,4434,4128829,893388523
2023-11-15 00:00:00.000,13,11,836,2633725,1660,905378,34,592256,2511,2530,4131359,1854828487
2023-11-16 00:00:00.000,7,6,798,2634523,1245,906623,8,592264,1993,2051,4133410,1081749096
2023-11-17 00:00:00.000,5,5,1051,2635574,1526,908149,3,592267,2578,2580,4135990,34127979
2023-11-18 00:00:00.000,7,7,345,2635919,861,909010,36,592303,1237,1242,4137232,36237766
2023-11-19 00:00:00.000,7,7,12,2635931,1,909011,32,592335,42,45,4137277,4536913
2023-11-20 00:00:00.000,7,6,11,2635942,1,909012,129,592464,121,141,4137418,346204742
2023-11-21 00:00:00.000,5,4,18,2635960,6,909018,98,592562,104,122,4137540,75175151
2023-11-22 00:00:00.000,8,7,44,2636004,25,909043,57,592619,105,126,4137666,128558465
2023-11-23 00:00:00.000,9,9,48,2636052,10,909053,7,592626,62,65,4137731,17693973
2023-11-24 00:00:00.000,13,13,41,2636093,2,909055,2,592628,39,45,4137776,3492665
2023-11-25 00:00:00.000,11,11,80,2636173,6,909061,45,592673,131,131,4137907,1630565
2023-11-26 00:00:00.000,16,16,7102,2643275,2408,911469,4687,597360,13974,14197,4152104,4228295
2023-11-27 00:00:00.000,12,11,4789,2648064,2757,914226,3897,601257,11066,11443,4163547,125497015
2023-11-28 00:00:00.000,23,22,16380,2664444,4551,918777,4656,605913,19392,25587,4189134,308803056
2023-11-29 00:00:00.000,14,13,16333,2680777,1255,920032,1050,606963,11518,18638,4207772,144455648
2023-11-30 00:00:00.000,13,13,12300,2693077,1219,921251,832,607795,8279,14351,4222123,12267876
2023-12-01 00:00:00.000,20,20,6198,2699275,1056,922307,482,608277,4925,7736,4229859,72327057
2023-12-02 00:00:00.000,22,20,5412,2704687,696,923003,1551,609828,5123,7659,4237518,75430371
2023-12-03 00:00:00.000,11,11,8198,2712885,1583,924586,4065,613893,10896,13846,4251364,16248247
2023-12-04 00:00:00.000,21,18,7375,2720260,1436,926022,2300,616193,8960,11111,4262475,192954223
2023-12-05 00:00:00.000,13,12,4580,2724840,1238,927260,988,617181,6380,6806,4269281,178344485
2023-12-06 00:00:00.000,12,11,4145,2728985,635,927895,663,617844,5024,5443,4274724,50015811
2023-12-07 00:00:00.000,13,13,2814,2731799,640,928535,1085,618929,4112,4539,4279263,11054890
2023-12-08 00:00:00.000,6,6,4016,2735815,431,928966,5495,624424,7957,9942,4289205,91052236
2023-12-09 00:00:00.000,9,9,2275,2738090,288,929254,3209,627633,3947,5772,4294977,17841337
2023-12-10 00:00:00.000,7,6,401,2738491,93,929347,3078,630711,3339,3572,4298549,21199521
2023-12-11 00:00:00.000,21,18,296,2738787,65,929412,6142,636853,5460,6503,4305052,178470896
2023-12-12 00:00:00.000,13,11,242,2739029,19,929431,9235,646088,6861,9496,4314548,155107161
2023-12-13 00:00:00.000,23,22,332,2739361,13,929444,5483,651571,3931,5828,4320376,576230704
2023-12-14 00:00:00.000,13,12,83,2739444,7,929451,3134,654705,2231,3224,4323600,196494940
2023-12-15 00:00:00.000,7,7,11,2739455,1,929452,1185,655890,1190,1197,4324797,329544756
2023-12-16 00:00:00.000,14,14,11,2739466,10,929462,1810,657700,1827,1831,4326628,1056505810
2023-12-17 00:00:00.000,4,4,7,2739473,"null",929462,1598,659298,1591,1605,4328233,140605348
2023-12-18 00:00:00.000,5,4,11,2739484,"null",929462,1417,660715,1406,1428,4329661,211027476
2023-12-19 00:00:00.000,7,6,10,2739494,1,929463,169,660884,166,180,4329841,131366446
2023-12-20 00:00:00.000,6,5,8,2739502,"null",929463,81,660965,83,89,4329930,84091513
2023-12-21 00:00:00.000,13,12,18,2739520,2,929465,22,660987,34,42,4329972,53433183
2023-12-22 00:00:00.000,10,10,313,2739833,4,929469,4,660991,316,321,4330293,184367149
2023-12-23 00:00:00.000,11,10,214,2740047,3,929472,3,660994,216,220,4330513,14187482
2023-12-24 00:00:00.000,5,5,73,2740120,1,929473,3,660997,76,77,4330590,2940847
2023-12-25 00:00:00.000,2,1,"null",2740120,"null",929473,82,661079,70,82,4330672,82538517
2023-12-26 00:00:00.000,4,3,15,2740135,"null",929473,97,661176,94,112,4330784,98285003
2023-12-27 00:00:00.000,6,5,7,2740142,1,929474,40,661216,37,48,4330832,96617168
2023-12-28 00:00:00.000,3,3,38,2740180,152,929626,13,661229,203,203,4331035,337900
2023-12-29 00:00:00.000,5,5,382,2740562,864,930490,251,661480,1483,1497,4332532,271454
2023-12-30 00:00:00.000,7,7,375,2740937,360,930850,132,661612,829,867,4333399,443155
2023-12-31 00:00:00.000,7,7,215,2741152,212,931062,63,661675,442,490,4333889,67038
2024-01-01 00:00:00.000,9,8,100,2741252,155,931217,116,661791,331,371,4334260,128482960
2024-01-02 00:00:00.000,7,6,5418,2746670,1070,932287,757,662548,6826,7245,4341505,133320480
2024-01-03 00:00:00.000,7,6,4581,2751251,700,932987,795,663343,5773,6076,4347581,94514170
2024-01-04 00:00:00.000,6,6,5712,2756963,943,933930,734,664077,6974,7389,4354970,5482155
2024-01-05 00:00:00.000,6,6,4093,2761056,1491,935421,1544,665621,6938,7128,4362098,7762587
2024-01-06 00:00:00.000,5,5,2022,2763078,302,935723,101,665722,2413,2425,4364523,469773
2024-01-07 00:00:00.000,9,9,1632,2764710,289,936012,175,665897,2089,2096,4366619,8487226
2024-01-08 00:00:00.000,10,8,2360,2767070,158,936170,268,666165,2640,2786,4369405,207734614
2024-01-09 00:00:00.000,18,16,861,2767931,50,936220,1743,667908,2448,2654,4372059,171898831
2024-01-10 00:00:00.000,10,9,915,2768846,3,936223,6285,674193,7127,7203,4379262,85488498
2024-01-11 00:00:00.000,9,8,382,2769228,4,936227,4162,678355,4509,4548,4383810,10819220
2024-01-12 00:00:00.000,5,5,65,2769293,1,936228,3071,681426,3129,3137,4386947,2329247
2024-01-13 00:00:00.000,10,10,11,2769304,1,936229,2767,684193,2774,2779,4389726,550043
2024-01-14 00:00:00.000,5,4,4,2769308,"null",936229,1895,686088,1891,1899,4391625,1628345
2024-01-15 00:00:00.000,8,7,11,2769319,1,936230,2635,688723,2623,2647,4394272,223112311
2024-01-16 00:00:00.000,12,7,437,2769756,84,936314,1471,690194,1931,1992,4396264,150280045
2024-01-17 00:00:00.000,18,14,521,2770277,88,936402,17488,707682,9973,18097,4414361,52699466
2024-01-18 00:00:00.000,14,11,522,2770799,102,936504,16029,723711,9087,16653,4431014,35279039
2024-01-19 00:00:00.000,12,10,5842,2776641,859,937363,11378,735089,9846,18079,4449093,48236783
2024-01-20 00:00:00.000,14,12,3188,2779829,732,938095,9473,744562,7177,13393,4462486,30809207
2024-01-21 00:00:00.000,13,11,1985,2781814,483,938578,7950,752512,5637,10418,4472904,49914941
2024-01-22 00:00:00.000,14,11,1989,2783803,499,939077,5464,757976,4556,7952,4480856,720519197527127600000
2024-01-23 00:00:00.000,11,9,2024,2785827,1178,940255,8300,766276,7779,11502,4492358,556681581
2024-01-24 00:00:00.000,14,10,1772,2787599,350,940605,5786,772062,6192,7908,4500266,294862219
2024-01-25 00:00:00.000,11,11,2321,2789920,371,940976,4864,776926,5907,7556,4507822,20867068
2024-01-26 00:00:00.000,16,14,383,2790303,202,941178,3938,780864,4201,4523,4512345,6954982
2024-01-27 00:00:00.000,14,13,5759,2796062,2081,943259,3946,784810,9649,11786,4524131,17163363
2024-01-28 00:00:00.000,12,11,2073,2798135,434,943693,2725,787535,3802,5232,4529363,25911519
2024-01-29 00:00:00.000,16,13,4935,2803070,1115,944808,6041,793576,7932,12091,4541454,222461467
2024-01-30 00:00:00.000,19,15,8395,2811465,2335,947143,3603,797179,10678,14333,4555787,295483864
2024-01-31 00:00:00.000,16,13,4228,2815693,981,948124,822,798001,4380,6031,4561818,116864560
2024-02-01 00:00:00.000,37,34,8612,2824305,1434,949558,1306,799307,8512,11352,4573170,64314952
2024-02-02 00:00:00.000,54,53,5925,2830230,1244,950802,1132,800439,6096,8301,4581471,16378584
2024-02-03 00:00:00.000,46,46,12556,2842786,2528,953330,2370,802809,11084,17454,4598925,26984889
2024-02-04 00:00:00.000,93,88,7523,2850309,975,954305,801,803610,5225,9299,4608224,4356719630438427000
2024-02-05 00:00:00.000,48,44,10471,2860780,1119,955424,1359,804969,6594,12949,4621173,265408485
2024-02-06 00:00:00.000,40,38,8851,2869631,2106,957530,2183,807152,9611,13140,4634313,768288705
2024-02-07 00:00:00.000,57,55,11325,2880956,1427,958957,2456,809608,8278,15208,4649521,286941542
2024-02-08 00:00:00.000,98,91,6839,2887795,1974,960931,2527,812135,7939,11340,4660861,122926031
2024-02-09 00:00:00.000,48,46,9862,2897657,2071,963002,2083,814218,8176,14016,4674877,62221946
2024-02-10 00:00:00.000,55,52,11187,2908844,2157,965159,2240,816458,7900,15584,4690461,1181766
2024-02-11 00:00:00.000,55,53,5040,2913884,688,965847,1011,817469,3324,6739,4697200,1875000015765824
2024-02-12 00:00:00.000,48,44,4768,2918652,960,966807,1181,818650,3750,6909,4704109,250037096
2024-02-13 00:00:00.000,67,64,4971,2923623,738,967545,897,819547,4769,6606,4710715,274251222
2024-02-14 00:00:00.000,65,58,1207,2924830,342,967887,195,819742,1667,1744,4712459,185194181
2024-02-15 00:00:00.000,55,52,672,2925502,562,968449,214,819956,1420,1448,4713907,898385405
2024-02-16 00:00:00.000,122,120,284,2925786,68,968517,102,820058,319,454,4714361,145589265
2024-02-17 00:00:00.000,52,49,192,2925978,49,968566,176,820234,368,417,4714778,351011
2024-02-18 00:00:00.000,59,56,124,2926102,45,968611,105,820339,242,274,4715052,597285
2024-02-19 00:00:00.000,52,48,79,2926181,23,968634,450,820789,521,552,4715604,201922267
2024-02-20 00:00:00.000,52,48,226,2926407,40,968674,253,821042,409,519,4716123,201794542
2024-02-21 00:00:00.000,58,52,753,2927160,189,968863,112,821154,589,1054,4717177,407266473
2024-02-22 00:00:00.000,55,52,491,2927651,34,968897,306,821460,577,831,4718008,35324047
2024-02-23 00:00:00.000,65,62,162,2927813,23,968920,674,822134,759,859,4718867,16718880
2024-02-24 00:00:00.000,41,40,48,2927861,2,968922,414,822548,456,464,4719331,477608
2024-02-25 00:00:00.000,56,55,71,2927932,3,968925,227,822775,297,301,4719632,9864565
2024-02-26 00:00:00.000,56,54,156,2928088,18,968943,394,823169,477,568,4720200,156432609
2024-02-27 00:00:00.000,69,68,72,2928160,5,968948,437,823606,467,514,4720714,291546569
2024-02-28 00:00:00.000,75,72,84,2928244,21,968969,133,823739,206,238,4720952,108004444
2024-02-29 00:00:00.000,18,17,196,2928440,25,968994,103,823842,264,324,4721276,785260
2024-03-01 00:00:00.000,22,21,2803,2931243,517,969511,953,824795,4222,4273,4725549,6655818
2024-03-02 00:00:00.000,15,13,3486,2934729,224,969735,212,825007,3903,3922,4729471,1837533
2024-03-03 00:00:00.000,20,17,2673,2937402,1220,970955,322,825329,4191,4215,4733686,609117
2024-03-04 00:00:00.000,20,18,2929,2940331,338,971293,198,825527,3447,3465,4737151,17922076
2024-03-05 00:00:00.000,28,22,4770,2945101,548,971841,5578,831105,4439,10896,4748047,92821855
2024-03-06 00:00:00.000,26,21,8320,2953421,531,972372,13881,844986,6286,22732,4770779,134491084
2024-03-07 00:00:00.000,29,24,4057,2957478,302,972674,8822,853808,4024,13181,4783960,271675928
2024-03-08 00:00:00.000,21,16,2570,2960048,370,973044,11138,864946,5124,14078,4798038,8381081
2024-03-09 00:00:00.000,17,13,1699,2961747,278,973322,6782,871728,2821,8759,4806797,22990175
2024-03-10 00:00:00.000,10,6,1134,2962881,263,973585,4849,876577,1810,6246,4813043,29897232
2024-03-11 00:00:00.000,17,11,7411,2970292,2185,975770,14103,890680,8124,23699,4836742,366890111
2024-03-12 00:00:00.000,21,10,5764,2976056,469,976239,5785,896465,6292,12018,4848760,466701225
2024-03-13 00:00:00.000,14,9,4930,2980986,212,976451,250,896715,4219,5392,4854152,208563708
2024-03-14 00:00:00.000,10,6,5111,2986097,535,976986,553,897268,4228,6199,4860351,46554938
2024-03-15 00:00:00.000,15,12,4048,2990145,508,977494,877,898145,3359,5433,4865784,53921125
2024-03-16 00:00:00.000,11,9,7346,2997491,987,978481,780,898925,5342,9113,4874897,6723468
2024-03-17 00:00:00.000,9,8,7563,3005054,312,978793,588,899513,4664,8463,4883360,27706415
2024-03-18 00:00:00.000,19,17,8773,3013827,773,979566,819,900332,4859,10365,4893725,282740661
2024-03-19 00:00:00.000,18,16,3837,3017664,406,979972,516,900848,2829,4759,4898484,404633228
2024-03-20 00:00:00.000,15,13,10416,3028080,644,980616,780,901628,8282,11840,4910324,198102224
2024-03-21 00:00:00.000,13,13,8324,3036404,889,981505,651,902279,7116,9864,4920188,138400635
2024-03-22 00:00:00.000,17,16,3542,3039946,299,981804,234,902513,3228,4075,4924263,51261554
2024-03-23 00:00:00.000,14,12,4847,3044793,317,982121,270,902783,4188,5434,4929697,21061788
2024-03-24 00:00:00.000,17,13,4755,3049548,359,982480,532,903315,4607,5646,4935343,17830029
2024-03-25 00:00:00.000,3,3,46,3049594,6,982486,3,903318,45,55,4935398,2405
