PROPOSAL_ID,DATE_CREATED,TITLE,PROPOSER,FOR,AGAINST,ABSTAIN,VOTES,VOTING_POWER,QUORUM
0x938268e18067861a530c1e6d8f087baa2bfd7b743f7c2febc7c243cfd4fc125d,2023-01-20 00:00:00.000,Implement Vesta Saving Module,0x5f153a7d31b315167fe41da83acba1ca7f86e91d,13984,974,816,15415,275448,250000
0x5887b4d9ca353bb8af8e73518299f2d602a3e9b5e5de42e1ac3b3892d1834720,2022-12-03 00:00:00.000,Remove GMX Performance Fee,0x5f153a7d31b315167fe41da83acba1ca7f86e91d,11258,1371,199,12524,439621,250000
0x6015a11a333729d7f126482ab3b8537143d75e457421bb7513982d219bfe8458,2023-03-28 00:00:00.000,Adding $ARB as a new collateral,0x5f153a7d31b315167fe41da83acba1ca7f86e91d,9144,1108,"null",9918,338241,250000
0x50f25e6c1fe09f2edc45fb7770f2ed532e7bf505d6ee9b11fcf64759f80f46b4,2023-04-14 00:00:00.000,Adding $wstETH as a new collateral,0x5f153a7d31b315167fe41da83acba1ca7f86e91d,8415,936,"null",9296,398234,250000
0x02ada853586a9fa9b8917952aa88c4dea2cd935d4282b9bf6edaa39301d8ec98,2022-11-03 00:00:00.000,Implementing Vesta Reference Rate,0x5f153a7d31b315167fe41da83acba1ca7f86e91d,5963,274,169,6252,336348,250000
0xff80bc37d587a81b4e3749d4e06138096835a5aa94db9031bba682a3470015d9,2023-05-07 00:00:00.000,SIP-46: Add SPA/USDs and USDs/USDC Camelot farms to be launched by Demeter to the SPA gauge and reallocate the bribes,0xf005329d4e8cd0d4f908542289fca04960ab49ff,4954,917,"null",5688,605454498,200000000
0x54fa8ed9147096b548f5a7b1bcdb8a674070c895a8c22480c41adcc79be44a16,2023-04-17 00:00:00.000,SIP-41: Proposal to move veSPA from Ethereum to Arbitrum,0xf005329d4e8cd0d4f908542289fca04960ab49ff,4868,1011,"null",5611,518994024,200000000
0xe7892e1d5697797526f3198167e97a4db00c34bf8dd5a44456fe4b9438200004,2023-04-17 00:00:00.000,SIP-42 Add arUSD-USDs farm to the SPA Gauge,0xf005329d4e8cd0d4f908542289fca04960ab49ff,4770,923,"null",5485,451211921,200000000
0x381c007c5d0b05adc5eb7fc5daddf3164c6d24a0c51b163046f1192f7a67fced,2023-05-22 00:00:00.000,SIP-47: Add rEth-USDs farm to the SPA Gauge,0xf005329d4e8cd0d4f908542289fca04960ab49ff,3943,961,"null",4809,435267111,200000000
0xd099883287186dda8a741859d270a2c88912f125ed83477f21cc5d4b4e88c0b8,2023-04-30 00:00:00.000,SIP-43: Add L2DAO-USDs farm to the SPA Gauge,0xf005329d4e8cd0d4f908542289fca04960ab49ff,3463,1269,"null",4491,459176628,200000000
0xf3ebdb8d4a22d7a16f617ac726c00ea7e06a49640e08257c4d1245c39cf4e02f,2022-07-06 00:00:00.000,Will ETH close above or below 3409 USD at July 30 2022 00:00:00 UTC,0x6d4ca4bfd6a478a6997c5d898f431537f401283c,2226,2172,"null",4398,4395,200
0x0cb134b52cec56fcb9d7a662e5950d893857285bd41289861ca32692f6d23e6d,2023-03-22 00:00:00.000,issue $SHELL airdrop & launch toucan staking,0x3bb1db7eed4b388f646cad3a11d685920c0c24bb,4482,92,"null",4396,1523313,10000
0x5630bf93419ce150207c1fac8cd1d3920c35d6c97a187200f3e5a4b713737733,2023-04-30 00:00:00.000,SIP-44: Add USD+/USDs farm to the SPA Gauge,0xf005329d4e8cd0d4f908542289fca04960ab49ff,3372,1156,"null",4335,444288211,200000000
0x2c6fedc97c378e5221d41ccfd017604f16bd89450b33ef2ca0e67664b382a10c,2023-04-30 00:00:00.000,SIP-45: Add LODE-USDs farm to the SPA Gauge,0xf005329d4e8cd0d4f908542289fca04960ab49ff,3340,1069,"null",4301,444297592,200000000
0x3494edd63178873760fdfb52a62ef1502154acfb770d4158b18f3cf2c24cf5e9,2022-07-06 00:00:00.000,Will ETH close above or below 3511 USD at July 31 2022 00:00:00 UTC,0x6d4ca4bfd6a478a6997c5d898f431537f401283c,2004,1966,"null",3970,3968,200
0xfad24ffa8130caf3e44e22bd30bba7b3ba3f341a710fe090a63537f8cd74f9c3,2023-06-15 00:00:00.000,SIP-49: SafeYields <> Sperax Strategic Alignment,0xf005329d4e8cd0d4f908542289fca04960ab49ff,3247,686,"null",3931,16038380,200000000
0x3ce311fafd8e5db5f8d055515eea17d3bc8c8312440e039effca885c0e9380da,2023-07-24 00:00:00.000,RFP-21: Distribution Strategy for ARB Allocation,0x5be0fee0f748c1737793172d42c14e4810d2038e,988,2619,213,3820,36155749,10000000
0x6186acbae6a1b7291a31cf62ee80b07a95ec1de287a0b83a283e16028d421cd8,2023-09-18 00:00:00.000, Vesta Finance's Future,0x95df37a78861ebaf94241fcd77622508770915aa,1219,1804,760,3783,6438735,250000
0x2b2eeb9b011849e44e3a5b3758bde0188da7b03a2c50ed81f386e78e0e22367b,2023-06-30 00:00:00.000,Vesta V2: Hearth Upgrade,0x5f153a7d31b315167fe41da83acba1ca7f86e91d,3642,238,203,3725,340267,250000
0xbb171da4d9790538d55b5c9059d041e014a00a36aeabac9192b94bb5a7144064,2023-07-24 00:00:00.000,RFP-22: Radiant Token Gating for Governance Consensus,0x5be0fee0f748c1737793172d42c14e4810d2038e,2905,542,218,3665,25046955,10000000
0x0fbe4b7f6eb13c4e0f584e9fadb404f5fd3fb772f19c51eeae69a02bde3bb4a2,2023-03-12 00:00:00.000,RFP-12: Remove OpEx % of Protocol Fees During New Chain Launches [Protocol Mechanics],0x5be0fee0f748c1737793172d42c14e4810d2038e,3256,186,226,3604,15174828,10000000
0xd3e5c5fac34f40232b31477a841897e40893351bab0e5d92ee2bcd1b5c243ff6,2023-03-12 00:00:00.000,RFP-11: Removal of Burn Component to Exit Penalty; Creation of Starfleet Leaderboard [Protocol Mechanics],0x5be0fee0f748c1737793172d42c14e4810d2038e,3139,261,243,3571,14550355,10000000
0x766e6974f2ddc85f7bd8dcc4d0ee16eb73a28b381b9a2876970a874361c5f873,2023-07-13 00:00:00.000,SIP-51: Add Compound Finance’s USDC strategy to the USDs strategy basket,0xf005329d4e8cd0d4f908542289fca04960ab49ff,3162,406,"null",3568,427939862,200000000
0x43b694955e8197260a89d14e385fc746c2c3b7076ab44a2927af1c396fd03415,2023-03-12 00:00:00.000,RFP-10: Expand POL Through Automated Pool Manager [Protocol Mechanics],0x5be0fee0f748c1737793172d42c14e4810d2038e,1064,197,2354,3536,14457831,10000000
0xb81de6a4c7f67157f082bf8617bd6940a9799f0315f99ebcf824841999436203,2023-07-13 00:00:00.000,RFP-20: Addition of wbETH as a Lend/Borrow Market to Arbitrum,0x5be0fee0f748c1737793172d42c14e4810d2038e,3017,305,179,3501,14443353,10000000
0x26635668a88817e77df70aa3861c472cc639186cc7e6fc2125113ca5be48ce1c,2023-07-13 00:00:00.000,SIP-50: Add LUSD as collateral and use it in yield strategies,0xf005329d4e8cd0d4f908542289fca04960ab49ff,3044,434,"null",3478,427942023,200000000
0x0352128e9ee47ba7850681331fb9cb1a5f7d3197b8b56a5f33f1349f5e54d762,2023-06-12 00:00:00.000,SIP-48: Reintroduce USDT collateral and deposit it into Camelot V2 USDT-USDC strategy,0xf005329d4e8cd0d4f908542289fca04960ab49ff,2726,639,"null",3365,440080544,200000000
0xe1fb6cf6462394ba0002e2c64eb7f645862a22595faef78f35ede71f3f4579ab,2023-06-22 00:00:00.000,RFP-19: Radiant Expansion & Deployment to Ethereum Mainnet,0x5be0fee0f748c1737793172d42c14e4810d2038e,3177,81,35,3088,26956909,10000000
0x51cee10d5f85cd3f8d3864640745e8ec28be0f882b869715126002663504d497,2023-09-12 00:00:00.000,Divesta Vote 1: How should the DAO proceed with the unwind/ragequit,0xaee1cb338fa126634e2912a1e16e1816521d95dc,"null","null",3050,3050,4780279,250000
0x35eee1016fcb6251a0178f546a9d4446a0aac5e907441713f5daded205e36d2a,2023-02-17 00:00:00.000,RFP-9: Improve RDNT Liquidity and Expand POL - Protocol Mechanics,0x5be0fee0f748c1737793172d42c14e4810d2038e,2930,114,90,3027,19002113,10000000
0x80103b4f126b06e74be03e4656cc3b0863a909b5eca9f5ae96c84d8b1b656983,2023-08-21 00:00:00.000,SIP-53: New xSPA token: invest SPA emissions back to the ecosystem, increase SPA burning rate and USDs adoption,0xf005329d4e8cd0d4f908542289fca04960ab49ff,2327,658,"null",2985,213835533,200000000
0xe5a6cd031804f65bd174a061a68b8565d8e5e5113f6d3ddd06c8847226bf607e,2023-05-04 00:00:00.000,TIP-27: Hop Protocol Partnership,0xbae65c4ba62799f68817cbb2bb353da4572c23ae,2490,127,"null",2605,4621061,3000000
0x098762ed9d2d959596d642ea3180243fa7cb6ae7a85a58145e296c16d559351d,2023-05-14 00:00:00.000,RFP-18: Strategic Application of $ARB Allocation from Radiant DAO Treasury,0x5be0fee0f748c1737793172d42c14e4810d2038e,2486,90,46,2592,22549741,10000000
0xb007f7caec7b1372333f85ce577040cc863de62532c536f7210fe39988664b56,2023-08-02 00:00:00.000,SIP-52: USDs smart contract upgrade (USDs V2),0xf005329d4e8cd0d4f908542289fca04960ab49ff,1915,594,"null",2509,628364874,200000000
0x00dd0101bb210b79bb47ac24e86b876fb6cc18d5bf2006259c1de3399d8763e1,2023-05-04 00:00:00.000,TIP-26: Increase Transparancy and Accountability,0xbae65c4ba62799f68817cbb2bb353da4572c23ae,2453,52,"null",2493,1617436,3000000
0xf565e4ff580e7fee83695fbe595560a586226eeef532af2a84da8bea43660fe6,2023-09-25 00:00:00.000,SIP-55: Diversify USDs collateral strategies and restructure USDs minting and redemption fees,0xf005329d4e8cd0d4f908542289fca04960ab49ff,1838,600,"null",2438,660295588,200000000
0x3f10b46186a9327fd18ea2079c69337a8f01345de973b509e7371e829d887e4d,2023-02-04 00:00:00.000,RFP-8: Extending the Emissions Runway - Protocol Mechanics,0x5be0fee0f748c1737793172d42c14e4810d2038e,2157,63,170,2327,11012937,10000000
0x117cc8c6c9205859caee3c55e2d6f16df7ca133654ae93f34ee0c3dddbc4a9c1,2023-09-11 00:00:00.000,RFP-23: Delisting BUSD as a Supported Asset,0x5be0fee0f748c1737793172d42c14e4810d2038e,2004,159,126,2289,12208214,10000000
0x9755de4b4413f0059af6cee6a0f9c525a20c6b44b1aace1c31a3e054054b30ef,2023-09-25 00:00:00.000,SIP-54: Launch USDC-USDs farm and add it to the SPA Gauge, reallocate bribes,0xf005329d4e8cd0d4f908542289fca04960ab49ff,1644,398,"null",2042,660242825,200000000
0xe6e221867a88d5939fda7332a10f79b3597e95b86de479b89e36c7493d103cd5,2023-11-27 00:00:00.000,SIP-58: Close the Gauge,0xf005329d4e8cd0d4f908542289fca04960ab49ff,1558,453,"null",1996,230316256,200000000
0x9709a7abb33bb058e966124872d43e4d5b5039f3ece8732f65b50192ed647d3f,2023-05-08 00:00:00.000,RFP-17: Optimizing Minimum Zap Length in Vesting Process,0x5be0fee0f748c1737793172d42c14e4810d2038e,1729,190,52,1955,23425372,10000000
0x3ddf7c759cb0633cccdaf7a579ba22f9852ef2a0af8804a49cb2f6e3f2f23b93,2023-05-08 00:00:00.000,RFP-16: ARB Incentives for Radiant Stakeholders,0x5be0fee0f748c1737793172d42c14e4810d2038e,1895,26,25,1934,23405050,10000000
0x2f5846ddd02309a789028a756e9fa0c17e49114fc11a7ef8efe29a8a6f0e3afa,2023-05-04 00:00:00.000,MIP-05 - List Zeeverse (VEE),0xf685f15f89833d7532553c09d5f90ba2b19cb2aa,1853,78,"null",1927,3433760,3000000
0x7b1ebf70e9c2608f2daee828b9f2cc8f627f76268aea599f73b86bf9b98bb3ca,2023-04-11 00:00:00.000,TIP-24: Financing a Bridgeworld Game Through Protocol Owned Liquidity,0xbae65c4ba62799f68817cbb2bb353da4572c23ae,1848,86,"null",1922,4568686,3000000
0xba25500f312eb8fa19ca6b0a6b22a7bf7336738593e2fd2bd2a1bbc62969b955,2022-07-03 00:00:00.000,Will ETH close above or below 2142 USD at July 22 2022 00:00:00 UTC,0x6d4ca4bfd6a478a6997c5d898f431537f401283c,950,959,"null",1909,1909,200
0x42a7eb77bcb3bf5a4aea4a95c52b26df61eb60d2fbbb5dfa53cfd9b28c492570,2022-12-22 00:00:00.000,RFP-7: Protocol Fee Distribution in v2 - Protocol Mechanics,0x5be0fee0f748c1737793172d42c14e4810d2038e,1702,131,67,1900,15634014,10000000
0xc6096060290a19c6e7a7c1460fced93160318b46ddb860808412eb1439030be1,2023-10-22 00:00:00.000,RFP-24: Incentivizing Long-Term dLP Locks on Mainnet Using Strategic ARB Reserve,0x5be0fee0f748c1737793172d42c14e4810d2038e,737,1005,178,1895,41279773,10000000
0x35b4255812db721f8fce9c068475ef7e0c18851345e9590e93118f6488abbfc6,2022-07-03 00:00:00.000,Will ETH close above or below 1120 USD at July 11 2022 00:00:00 UTC,0x6d4ca4bfd6a478a6997c5d898f431537f401283c,952,908,"null",1860,1860,200
0xdb9445fe64278e83e919188ddd591b5cb64cabe7516de7407bbe953a8ee5529b,2023-06-01 00:00:00.000,TIP-28: Use of ARB for Game Studio Partnerships,0xbae65c4ba62799f68817cbb2bb353da4572c23ae,785,1030,39,1854,5118242,3000000
0x9f3a9aaee2c2ee3dbad7448f074cb242f73e62668384a6799f9ba04b283241b5,2022-12-22 00:00:00.000,RFP-6: v2 Vesting and Locking - Protocol Mechanics,0x5be0fee0f748c1737793172d42c14e4810d2038e,1482,291,65,1838,16592512,10000000
0x08a0bf0cd7afb4db6a4132e6b1c4bcc8b62294f2061367d7d6ddd97ce0fb1e63,2022-07-03 00:00:00.000,Will ETH close above or below 3293 USD at July 18 2022 00:00:00 UTC,0x6d4ca4bfd6a478a6997c5d898f431537f401283c,920,879,"null",1799,1799,200
0xec57cd4bb4d567bfdf6ccdb2eac6ca347e6f9d3a0220117cdfa960aad82690a4,2022-12-22 00:00:00.000,RFP-5: Exit Penalties in v2 - Protocol Mechanics,0x5be0fee0f748c1737793172d42c14e4810d2038e,1619,97,53,1769,16515932,10000000
0x058ea8db46ec92bfec2a36691aba75f671f04e99c6ffa7141768e3760d8bf584,2022-12-20 00:00:00.000,RFP-4: Dynamic Liquidity Provisioning - Core: Principles,0x5be0fee0f748c1737793172d42c14e4810d2038e,1669,63,33,1765,14935822,10000000
0x1818f3f6cfec5f806638090f8ea850cb8e458e271c00b7954824d9f2922040d1,2022-07-06 00:00:00.000,Will ETH close above or below 689 USD at July 30 2022 00:00:00 UTC,0x6d4ca4bfd6a478a6997c5d898f431537f401283c,843,824,"null",1667,1666,200
0x57ed05041ea0f7cc8060eaea88eaa7885e5eb12a33f02bd6c31c34456fd65052,2022-07-06 00:00:00.000,Will ETH close above or below 2677 USD at July 29 2022 00:00:00 UTC,0x6d4ca4bfd6a478a6997c5d898f431537f401283c,831,801,"null",1632,1631,200
0xb8b672f554be5ec3083861e765b5a69098091b043f1c191486a892fc528898bf,2023-10-25 00:00:00.000,SIP-56: Proposal to reduce emissions,0xf005329d4e8cd0d4f908542289fca04960ab49ff,1334,261,"null",1582,209597212,200000000
0xc354a2a582d652b58ee953939e532ab371b4c9e1fa614fdf01fb7fd09af55f14,2023-10-25 00:00:00.000,SIP-57: Introduce protocol owned liquidity,0xf005329d4e8cd0d4f908542289fca04960ab49ff,1291,283,"null",1562,157717056,200000000
0x3f59725214e669953e698f0f19ca62e1ac5812cdd6976b23af5cedc51ed2c6cd,2022-07-04 00:00:00.000,Will ETH close above or below 1243 USD at July 25 2022 00:00:00 UTC,0x6d4ca4bfd6a478a6997c5d898f431537f401283c,720,701,"null",1421,1421,200
0x7e7b480b7f50da01f276a5a717ba697a223d224c3ccc0352e7b1681e56b8a64a,2023-03-31 00:00:00.000,MIP04 - List Realm ANIMA,0xf685f15f89833d7532553c09d5f90ba2b19cb2aa,1384,42,"null",1415,1649049,3000000
0x6d1af397fd5ca984694b29616364885620985980b21177991ddfa6c9a08c5940,2022-12-16 00:00:00.000,RFP-3: Improve RDNT On-Chain Liquidity for v2 - Fund Allocation,0x5be0fee0f748c1737793172d42c14e4810d2038e,1291,89,33,1413,15662726,10000000
0xd556504f0c2d42f92766ae9e3288c24441eeed6940d71f62f7dfc2e93de5286a,2023-03-22 00:00:00.000,Test,0xb9bee603bd1449adeb9a9babd73e9b19f4df5d50,1394,35,"null",1403,2823,10000
0xc8a766cf5cae7f1db310ebb06aee471e77ad6622f3b32d1368ffa3895f486d32,2023-08-21 00:00:00.000,TIP-29: MAGIC Reconciliation Mint and TIP-25 Token Schedule Assignment,0xbae65c4ba62799f68817cbb2bb353da4572c23ae,1348,32,18,1398,4329604,3000000
0xb456aeaf654dc81e9f9522d7afaf7dc91c9ad9945822fbfb7dbfe691d9101176,2023-10-27 00:00:00.000,RFP-25: Equitable Utilization of Strategic ARB Reserve for Incentives Across Mainnet and Arbitrum,0x5be0fee0f748c1737793172d42c14e4810d2038e,1303,57,34,1351,20778978,10000000
0xfe5946e60bb91049255fd8bd196c60beef320b0224f48a78d9bb83a4c11734e5,2022-07-03 00:00:00.000,Will ETH close above or below 2290 USD at July 19 2022 00:00:00 UTC,0x6d4ca4bfd6a478a6997c5d898f431537f401283c,686,632,"null",1318,1318,200
0x532a70b0d6c80ef5176a2e63c6c36e6bcd264176beb338d4031b6d7995cd8946,2022-07-03 00:00:00.000,Will ETH close above or below 3748 USD at July 15 2022 00:00:00 UTC,0x6d4ca4bfd6a478a6997c5d898f431537f401283c,616,666,"null",1282,1282,200
0x213d01f9dc549990cc7e8c09fb701c359aaeb340387045954faadfca3c6c3e5d,2022-07-03 00:00:00.000,Will ETH close above or below 1953 USD at July 16 2022 00:00:00 UTC,0x6d4ca4bfd6a478a6997c5d898f431537f401283c,604,533,"null",1137,1137,200
0x8cf2806c4dcd2474272ac3c93e2cb47155700a999cbcf4d907bf9fec4a6a9f4d,2023-10-25 00:00:00.000,TIP-30: Forming the Treasure Arbitrum Representative Council (ARC),0xbae65c4ba62799f68817cbb2bb353da4572c23ae,1013,21,18,1046,3552277,3000000
0xd44ef5a7aa8e1f1fc7dbaeff668f401acf74170b37bd63e2b946590ba0aee6ce,2024-02-14 00:00:00.000,TIP-36: Ecosystem Selection for the Treasure Chain,0xbae65c4ba62799f68817cbb2bb353da4572c23ae,85,117,826,1027,5364032,3000000
0xcf1ccddf00ce80ada3f2e1a7071d6aeac77b331bacbe94c1b09a94c058310c03,2022-06-29 00:00:00.000,How many BITs are in a BYTE,0xfa1440afb3a2b45ff5c1fb9b420063f342f935dd,740,29,251,1020,1020,200
0xddc9fb37e053bf5e65bb4d38756dbea6e51105ed3c0173e0b1afc4d179d20c2d,2022-07-03 00:00:00.000,Will ETH close above or below 3798 USD at July 13 2022 00:00:00 UTC,0x6d4ca4bfd6a478a6997c5d898f431537f401283c,487,412,"null",899,899,200
0xd7ccc9957f8714880c0b4b870eba3c6d8f3c2f75396adbadd80105ffb61301e2,2023-10-30 00:00:00.000,TIP-31: Migration of L1 Treasures,0xbae65c4ba62799f68817cbb2bb353da4572c23ae,786,28,15,821,3049570,3000000
0xee933dcf2d2b91e7e08586b1cf915ed8cc9fe1be28e92e15cd4aac4d1e192a8b,2022-07-03 00:00:00.000,Will ETH close above or below 489 USD at July 14 2022 00:00:00 UTC,0x6d4ca4bfd6a478a6997c5d898f431537f401283c,384,425,"null",809,809,200
0xba33eb6f784ca3e6739852f8bdf35dbbcadf8ae8d3b41e2fc5a30739d0f1d9ce,2022-07-04 00:00:00.000,Will ETH close above or below 3738 USD at July 24 2022 00:00:00 UTC,0x6d4ca4bfd6a478a6997c5d898f431537f401283c,424,368,"null",792,791,200
0x37719b4cb8cce56347decaa0837b852d1a9db274e462cf4c8777c4b36b22b43a,2023-12-06 00:00:00.000,TIP-33(b): Divest gFLY and Acquire Bridgeworld’s Genesis Legions from BattleFly DAO,0xbae65c4ba62799f68817cbb2bb353da4572c23ae,736,36,"null",766,3767018,3000000
0x56d314d0ee3073896af9f4a5584e63b3eff03d462b061449fc709f7a41580096,2024-03-17 00:00:00.000,TIP-38: Future of Treasure’s Arbitrum Council (ARC),0xbae65c4ba62799f68817cbb2bb353da4572c23ae,631,70,32,732,3401337,3000000
0x2394ee04d732f471a21aeda6d0a8a581a4ba02ea6bf3d92923bd692b704449c0,2022-07-03 00:00:00.000,Will ETH close above or below 3470 USD at July 23 2022 00:00:00 UTC,0x6d4ca4bfd6a478a6997c5d898f431537f401283c,374,357,"null",731,730,200
0x97783078a789eadd5674c3fc02771aa3452af41dee0b3f8ebb34f2f9a7d2e7f0,2022-07-03 00:00:00.000,Will ETH close above or below 2868 USD at July 10 2022 00:00:00 UTC,0x6d4ca4bfd6a478a6997c5d898f431537f401283c,354,374,"null",728,728,200
0x22fd637c8aa2835affda752e692a41ceae67209cd87cb9b25490a77e4adfd1da,2023-11-29 00:00:00.000,TIP-32: Allocating ARB for ARC Multisig Setup and Operations Budget,0xbae65c4ba62799f68817cbb2bb353da4572c23ae,673,21,20,707,2398749,3000000
0x378e604cfdd8e555d6d4d43b5f8264f76b5cc229fc134d44a8bba5254bf7c795,2022-07-03 00:00:00.000,Will ETH close above or below 3283 USD at July 12 2022 00:00:00 UTC,0x6d4ca4bfd6a478a6997c5d898f431537f401283c,354,334,"null",688,688,200
0xc7d0f90c5ccdf4fef09f2261f76e9f04b06389bcd8e3d54bc9ec5b8e821889e9,2024-01-23 00:00:00.000,SWPR - new token emissions,0x617512fa7d3fd26bda51b9ac8c23b04a48d625f1,431,130,129,686,2453071,10000000
0x1e70f895524bd41b2b16a69b8194e05521b084afefc6bc206a1693f7e73031c1,2024-02-20 00:00:00.000,SIP-60: Umami DAO Uniswap USDs liquidity incentive partnership,0xf005329d4e8cd0d4f908542289fca04960ab49ff,546,98,"null",644,206062941,200000000
0xe4dce8064cc893a17060383f06b401b432aa4540c703ed12e4cf217b70f77946,2024-02-20 00:00:00.000,SIP-59: Start fUSDC - USDs Camelot V2 pool with Incentives,0xf005329d4e8cd0d4f908542289fca04960ab49ff,569,104,"null",635,157800703,200000000
0x08bdb0457176991340dea5357ff310b29718db2c2cf572a56f0f7ecdf1bc0396,2023-12-11 00:00:00.000,TIP-34: gMAGIC Expansion and Governance Staking Lockup Reduction,0xbae65c4ba62799f68817cbb2bb353da4572c23ae,591,9,"null",587,4558907,3000000
0xc1da3eb8ced7102be6b8517477534403af5774646b5693d4ab534a873519ddb7,2023-12-30 00:00:00.000,TIP-35: Updates to MAGIC LP Incentives: Conservation for Future Initiatives,0xbae65c4ba62799f68817cbb2bb353da4572c23ae,548,38,"null",580,3054299,3000000
0x6887b0c18826fedf540e8b8d10198c188357550ae695147678c014c5ee35806a,2023-12-22 00:00:00.000,MIP-06: List Community Smolcoin (SMOL),0xbae65c4ba62799f68817cbb2bb353da4572c23ae,573,6,"null",572,4615099,3000000
0x5c155a803a3c0595719798859bf1d4502c02dfd600a331e4c048f889bff24635,2022-07-03 00:00:00.000,Will ETH close above or below 3384 USD at July 20 2022 00:00:00 UTC,0x6d4ca4bfd6a478a6997c5d898f431537f401283c,257,282,"null",539,539,200
0x11d8c4f8965fb9f32c4c8fd66eaa207a2d8506069d8f726b57a0422d51e3245d,2022-07-05 00:00:00.000,Will ETH close above or below 3499 USD at July 27 2022 00:00:00 UTC,0x6d4ca4bfd6a478a6997c5d898f431537f401283c,259,275,"null",534,534,200
0x97e2f9a9dfefc22fb63e759fcb67c4fd0275572476701731bdd178d261d425f7,2023-02-13 00:00:00.000,Umami DAO Proposal #1: Instatement of Core Contributors and Tokenomics Solidification,0xb0b4bd94d656353a30773ac883591ddbabc0c0ba,534,3,"null",520,162681,175133
0x2d06f6fdb9d78a3ed17f2f65b206680adb96ba7ddbb9a0c4e659781cccde16ed,2022-07-06 00:00:00.000,Will ETH close above or below 1099 USD at July 28 2022 00:00:00 UTC,0x6d4ca4bfd6a478a6997c5d898f431537f401283c,249,251,"null",500,499,200
0x4a478d34c61ac0fbb8b68bb7f144a44a285f159c0ae2315f4d0e449bbe81ede4,2022-10-05 00:00:00.000,Restructure Redemption,0x5f153a7d31b315167fe41da83acba1ca7f86e91d,383,22,12,406,515722,250000
0x34bac528ff1305869f486a79e9956d96fd6db65357f9caa308836053cb401b39,2022-07-22 00:00:00.000,Wen the government token of TOUCAN would be launched?,0xafa36aec09390da2c7896839713310989792c667,309,36,56,401,577,10
0x957349f6d60f07e95d6e426536996af96ca63f0b9e0495ee8e73554207cb2381,2024-03-05 00:00:00.000,TIP-37: Extend Treasure with EIP-4824,0xbae65c4ba62799f68817cbb2bb353da4572c23ae,385,8,"null",393,3385924,3000000
0x3f7e2eda3d4334fbe5933c3fbe3dcde5fb652fa9b027a82d490e75e165620b60,2024-03-05 00:00:00.000,MIP-07: Reduce Swap Fees on Magicswap,0xbae65c4ba62799f68817cbb2bb353da4572c23ae,368,7,"null",375,3916168,3000000
0x763fa59de138cb17e304c85c3ad5b6717e34302c99ad20d0c2aed2817b4708b3,2022-07-03 00:00:00.000,Will ETH close above or below 1493 USD at July 21 2022 00:00:00 UTC,0x6d4ca4bfd6a478a6997c5d898f431537f401283c,169,195,"null",364,364,200
0x43b75afe5beca8062baaee3bbc97b32d02736d51e4ef10dc3a328fc039f7ae7b,2023-02-20 00:00:00.000,Umami DAO Proposal #2: Initial DAO Framework and Structure,0x4e6bb781e60788772003883414b93b62e9007570,345,32,"null",363,141375,175133
0x81bfdf72d0f77141d6fe36dc29e491608c0a684a9387991d63b2515e58d53e3b,2022-07-02 00:00:00.000,Will ETH close above or below 695 USD at July 9 2022 00:00:00 UTC,0x6d4ca4bfd6a478a6997c5d898f431537f401283c,203,157,"null",360,360,200
0x2c135f8fe60ea17cf22c607378939f6af6b024866e56784378ce895a66bd49c4,2023-03-14 00:00:00.000,TIP-25: Re-Allocation of LP and Staking Rewards to Ecofund and Contributors,0xbae65c4ba62799f68817cbb2bb353da4572c23ae,337,"null","null",336,3234095,3000000
0x564b95e296261b182810c83f930350ad7a9e5f0cd7df92137b55b4d21f50ebd8,2022-07-03 00:00:00.000,Will ETH close above or below 1118 USD at July 14 2022 00:00:00 UTC,0x6d4ca4bfd6a478a6997c5d898f431537f401283c,160,168,"null",328,328,200
0x58b106ccaf2c219229f891a1cc47af5352a127b236699836391379964c98360f,2023-09-01 00:00:00.000,Decision on ACID Token Exchange for New Token A1.5,0x340ea49c1ff394cddb99e684518542e67745ce3d,294,4,"null",298,105564,20000
0x9ab88f933faca8673fb4ff42c9795c9179cc82ebc196f7ae17c4c970ecb8ae5c,2022-07-06 00:00:00.000,Will ETH close above or below 1583 USD at August 1 2022 00:00:00 UTC,0x6d4ca4bfd6a478a6997c5d898f431537f401283c,143,128,"null",271,267,200
0x082d72e49dcb213d79013e99f1bab7398fc5f75d1f809b80a8e189c2068fe7ae,2022-02-28 00:00:00.000,Meter Exploit Response Vote,0x115f38147f7aabb52ba138930e014e14fffe4238,120,117,18,255,1133773,3442167
0x70a47943b0d67604dc82cc7782e9089259055ea59fa158496dc9fa84db8df86b,2022-01-21 00:00:00.000,[HIP-2] Whitelisting LiquidDriver (Arbitrum/Fantom/Moonriver),0x115f38147f7aabb52ba138930e014e14fffe4238,220,1,"null",221,371301,3442167
0x86046c4804a4bc3c3b289a5cb108277f3f37e0a62b2483670d8ad29cc37731f3,2023-08-31 00:00:00.000,Proposal for ACID Project Adjustments,0x340ea49c1ff394cddb99e684518542e67745ce3d,165,8,"null",173,45450,20000
0x9943849628ff51f42fcc0b8dd9439ce9465250374c99eacdf34f4f317677d72d,2022-07-03 00:00:00.000,Will ETH close above or below 3860 USD at July 17 2022 00:00:00 UTC,0x6d4ca4bfd6a478a6997c5d898f431537f401283c,92,76,"null",168,168,200
0x9e7df935a46d7a98bedab6e28c158d98d469bcb57ce6210d45be7b9ac2c5a529,2024-02-17 00:00:00.000,RFC: Arrakis PALM Proposal,0xd3802dce7f7a54d59e7a64329d287624ff3f495a,157,4,6,167,76846,1500
0x0194c280276e33950ee0ec626acf3091d66562bf111af8e2c06d6f7dec492cbd,2023-03-31 00:00:00.000,New mechanism proposal,0x340ea49c1ff394cddb99e684518542e67745ce3d,2,"null",152,148,14916,30000
0x55721439d93db963b9ac215768e22478f2d34f3d317b2d0bad03c183b85a48d1,2022-07-04 00:00:00.000,Will ETH close above or below 1797 USD at July 26 2022 00:00:00 UTC,0x6d4ca4bfd6a478a6997c5d898f431537f401283c,113,35,"null",148,147,200
0x81d2cde35dcf186314890c150ef8b421ff963e2d8110872113dfb71231299a14,2023-12-18 00:00:00.000,MIP - 7,0xf588a948b44171b099324fd987d5206a5a3bfbff,"null","null",140,137,14086127,4000000
0xe0acf0acf132564e938a1e6536f6b8731f041dec9da03f765f571a80141d5c70,2022-02-14 00:00:00.000,[HIP-3] Whitelisting Beluga.fi (Arbitrum/Fantom/Moonriver),0x115f38147f7aabb52ba138930e014e14fffe4238,135,1,"null",136,511435,3442167
0x212a356cbee4458995cf70372ae87c8e021e4d5fdf0356af88aa73e6f37958ce,2023-04-24 00:00:00.000,Umami DAO Proposal #3: Approval of Treasury Funds being used as Testing TVL in Upcoming GLP Vaults,0x4e6bb781e60788772003883414b93b62e9007570,137,"null","null",135,357535,175133
0xcc6edf12f59f3d529a3bfe44525a6c951e699d312cd90af93cea5542ff4ad543,2022-07-02 00:00:00.000,Will ETH close above or below 1269 USD at July 5 2022 00:00:00 UTC,0x6d4ca4bfd6a478a6997c5d898f431537f401283c,79,56,"null",135,135,200
0xaf681380046a64905c5f640e4b0e1cbc73d21bfd914cde01f855dcf4f7dc3c14,2022-07-02 00:00:00.000,Will ETH close above or below 769 USD at July 7 2022 00:00:00 UTC,0x6d4ca4bfd6a478a6997c5d898f431537f401283c,87,47,"null",134,134,200
0x6cc566e5870892c9d05692abfd5ccf49610268290ea0ad83658da3920735f849,2022-07-02 00:00:00.000,Will ETH close above or below 2622 USD at July 8 2022 00:00:00 UTC,0x6d4ca4bfd6a478a6997c5d898f431537f401283c,74,59,"null",133,133,200
0xb7b3dc7dd6aca6a0514cfdf37af0d82375c4e5889237ec9636dac47e7421acfa,2024-02-08 00:00:00.000,Incentive for veSHELL Stakers,0x9ece8b44eef88f88db4775a3128afab4357cba2f,132,1,"null",133,67666,1500
0x180df3610a77a117c4cfee2865be02a20310ac9ddfa2807b7d4167bbe00d2a3e,2022-07-02 00:00:00.000,Will ETH close above or below 379 USD at July 6 2022 00:00:00 UTC,0x6d4ca4bfd6a478a6997c5d898f431537f401283c,71,61,"null",132,132,200
0x03cc2ee19a35959205ecd715ecd598c2a1f1eb9b2fbe88a471b2ac62c8f90ad6,2024-01-19 00:00:00.000,MIP - 8,0xf588a948b44171b099324fd987d5206a5a3bfbff,"null","null",119,119,4077130,4000000
0xc9d685efa1cb25064691a2bc81ca65d2130fcace1c0a8daacc4cbddcb2af25bd,2024-02-28 00:00:00.000,RFC: Governance/Reduce Snapshot Voting Period from 10 Days to 5 Days,0x9ece8b44eef88f88db4775a3128afab4357cba2f,106,9,3,118,24511,1500
0x8dd08e66520ffb62c067897fce78d81e04140c8bc73c01c37d17dac4fb1f2db5,2024-02-28 00:00:00.000,RFC: ShUIP/Liquidity Mining for SHELL Pool,0x9ece8b44eef88f88db4775a3128afab4357cba2f,112,2,3,117,24844,1500
0xbbee57b14d09956f63ac003c9a95c01adcb0bf18d352e4ac4e93dbfc0fcdec10,2024-02-22 00:00:00.000,MIP - 9,0xf588a948b44171b099324fd987d5206a5a3bfbff,"null","null",113,113,9021067,4000000
0x23821bfc3a38a389db8b561c528387355eee6abe40df15574b985cf86c46bf54,2022-07-02 00:00:00.000,Will ETH close above or below 3386 USD at July 4 2022 00:00:00 UTC,0x6d4ca4bfd6a478a6997c5d898f431537f401283c,55,54,"null",109,109,200
0x8d323bdaa96b8f37454906ca3eb431aecc1866349f27ac7eec4dafeea729a948,2022-07-02 00:00:00.000,Will ETH close above or below 1175 USD at July 3 2022 00:00:00 UTC,0x6d4ca4bfd6a478a6997c5d898f431537f401283c,63,39,"null",102,102,200
0x4048004f94d761710e67da16e3a3ed10acaa42d54917402de6a51d298ab22c88,2023-04-21 00:00:00.000,Proposal: Introducing LSDoge - The Meme Token Backed by LSD Assets,0x61456c2a0489af38b8ef97c871ce52904059e42a,"null","null",97,96,4209,30000
0xf48f64171e9b73ce39fb687f708fc564704d81e369fce3c0a3414194775a1928,2023-05-19 00:00:00.000,Umami DAO Proposal #4 - Indemnification of Multisig Operators by the DAO,0x50ce11833f19e1c52e0055a5e0914f7ef7f08aec,88,2,"null",90,379708,175133
0x439d4681d723a51ff308ca48caf010967224a768b2965078d4458d9e87a45003,2022-01-17 00:00:00.000,[HIP-1] Whitelisting veToken Finance (Arbitrum),0x115f38147f7aabb52ba138930e014e14fffe4238,83,"null","null",83,638149,3442167
0xb76e3e9bf18f2c3ff8ea6596166588240c224524a998cabf99d62d33f10f0838,2023-02-11 00:00:00.000,Invest 1 ETH from treasury for Lexer Markets private sale + conduct a group raise to reach $10k minimum.,0xac57df25f08e67122c2d191546fdf1e027c0127d,60,18,11,82,137,50
0x18459d3625c2f841be4c62940e1af2e83692f580f64e5708a0d334474dc2ac9e,2023-02-12 00:00:00.000,Sell our Nitro Cartel Passport - currently 3.9 ETH,0xac57df25f08e67122c2d191546fdf1e027c0127d,78,4,2,81,152,50
0xbdf3daeda12219b9d19acdbbb6a2b0be3faa741573c1b8ae325b3737e76e9d95,2022-09-24 00:00:00.000,RFP-2: Emission Reductions - Core: Ecosystem Fund Allocation,0x5be0fee0f748c1737793172d42c14e4810d2038e,70,6,1,77,13625600,10000000
0x2ad3a74e84e3b6cb6539066fb53e10a25549eb25ea193a9952a986f1f583f1dd,2023-11-26 00:00:00.000,Umami DAO Governance Team Election #6,0x50ce11833f19e1c52e0055a5e0914f7ef7f08aec,74,3,"null",76,220842,175133
0xb495b8ef2019bd6a17747cce7688efe421b3b755f294db07ed65141ccbe8af72,2023-04-05 00:00:00.000,Proposal : Adding more liquidity to ACID-ETH Uni-V3 LP,0x340ea49c1ff394cddb99e684518542e67745ce3d,72,3,"null",74,3595,30000
0x8194178a7e4e8e3b368b7071d9aad5a71506f69c9dd115eedac3dce62e7dd49a,2022-12-15 00:00:00.000,Lodestar Finance Asset Recovery,0x85eb5a2077e88559b8a63206fbc9a9311f8e63a5,19,55,"null",74,2025,250000
0x269179fbd82a6dcd85580d19d4a41590f6d2668982e2e045f6a245e835dcaefc,2024-01-18 00:00:00.000,Umami DAO Proposal #7: Continuation of Core Contributors and Tokenomics Solidification,0xb0b4bd94d656353a30773ac883591ddbabc0c0ba,69,3,"null",72,440576,175133
0x5b4b75b87db1c33ea1d7ff962033a7bdb355007a6f2ef0539f731daa3b9581b7,2023-03-05 00:00:00.000,Use treasury funds to buy into the JustBet $WINR Public Sale,0xac57df25f08e67122c2d191546fdf1e027c0127d,64,4,3,71,108,50
0x6e8a80f118eb046009f3f949618119e88cf3a820d1931984fda9f6ea7f39a035,2022-12-10 00:00:00.000,Use treasury funds to buy 1 GBC, 1 Smol Brain, 1 Beacon founders character to use for giveaways?,0xac57df25f08e67122c2d191546fdf1e027c0127d,56,15,"null",71,102,50
0x2f3e1a4b246ffa6b6015374b9f41b196d7030975926d356889ee0045b9b79cc5,2023-06-08 00:00:00.000,Umami DAO Proposal #5: Partial Transfer of esGMX + MPs from DAO Treasury to Deconstructed GLP Vaults,0x50ce11833f19e1c52e0055a5e0914f7ef7f08aec,70,"null","null",70,225834,175133
0x8b364fea65d5e624305e699f8ab176e7a4e38f42c4e0c00d609efd22c21d756a,2023-11-17 00:00:00.000,MIP - 6,0xf588a948b44171b099324fd987d5206a5a3bfbff,"null","null",72,69,9794320,4000000
0xffe6588f96159f052ea6ccb9c683a971b6a4fa8b2532f0d0755504be72fdeb6f,2022-09-16 00:00:00.000,RFP-1: DAO Proposal - Process,0x5be0fee0f748c1737793172d42c14e4810d2038e,67,1,1,69,6948314,10000000
0x4cedfb2751eba51679e8ea9d53c7c97eeb95d38e7e42086fe6426a679a586621,2022-04-03 00:00:00.000,OTC Sale of Hundred Finance’s Solidly veNFT #21,0x115f38147f7aabb52ba138930e014e14fffe4238,52,17,"null",69,781361,3442167
0xa82f440103497e36af534a999ce7bb1c91b6cafa7151f298f1ba80baa5b32251,2022-07-08 00:00:00.000,Will ETH close above or below 2217 USD at July 31 2022 00:00:00 UTC,0x6d4ca4bfd6a478a6997c5d898f431537f401283c,39,31,"null",68,69,200
0x5886e7c2fdd11978d4ba65ad4d6b0980ec0987f58e7e43aedc4f7fec8f9c13b2,2023-11-07 00:00:00.000,MIP - 4 (RETROSPECTIVE),0xf588a948b44171b099324fd987d5206a5a3bfbff,"null","null",71,67,2859991,2000000
0x08edc4d25d9fb3006669b4394239f16d833285f8c4a9174fa193d23caa31d0f1,2023-01-19 00:00:00.000,TIP-01 Election of Community Nominated DAO Council Members,0xb52cbc04618ec8535ef1c900806167cfab62ec41,"null","null",67,64,3275935,10000
0xdb29e2f217e9ce6d97b1c8a48e9d686bdd42430340203b05a009cbe1e35c03b1,2023-03-08 00:00:00.000,Plans and actions for Primapes in the treasury - 21 + 8 Primapes for contributors,0xac57df25f08e67122c2d191546fdf1e027c0127d,60,2,3,64,115,50
0x51141a51ca6b390dafb7e97a9a2e07ae8388081d9195f08c8bc86f911d6450f8,2023-10-16 00:00:00.000,MIP - 3,0xf588a948b44171b099324fd987d5206a5a3bfbff,63,1,"null",63,10233572,2000000
0x1ae66efd0b2721ac6ee95d3aa49a3c8061e31e47dd5512be181065481ff5483a,2023-05-02 00:00:00.000,Sentiment Check for changing the vesting duration,0x85abbc0f8681c4fb33b6a3a601ad99e92a32d1ac,39,25,"null",62,236944,200000
0xb8bccfb8c66e2889fd418e8cf07fea34403849f42384016f58f4e85fd1f57a32,2023-06-27 00:00:00.000,DAO Proposal: Allocate Reserves to Buy TND,0xa435530d50d7d17fd9fc6e1c897dbf7c08e12d35,"null","null",64,60,201183,200000
0xcb38e786e1e8a2dc4687ca0dd2de7789bebb1f6104343ea8c081beacae59ccf8,2023-11-12 00:00:00.000,MIP - 5,0xf588a948b44171b099324fd987d5206a5a3bfbff,"null","null",55,55,7252615,2000000
0xd79bb53e65a0567ed610010fb77d0abaeb9c71d2b53ea60528dd5c1e12788337,2023-10-07 00:00:00.000,MIP - 2,0xf588a948b44171b099324fd987d5206a5a3bfbff,52,1,"null",53,7172550,2000000
0x23d7c6d14914776349d4dc6130481b136b330d9ef8aaa3dd864d9bbf1beeeb2e,2023-04-01 00:00:00.000,Rewarding contributors for content creation for our partners.,0xac57df25f08e67122c2d191546fdf1e027c0127d,49,1,3,52,97,50
0x2f4feda71e5ca0b0b36ba82933386b47455d7e1d1fe4aeeefc728f32e7e6e561,2023-10-20 00:00:00.000,Proposal for Fundamental Changes in the Organizational Structure,0x184cbd89e91039e6b1ef94753b3fd41c55e40888,41,7,6,52,10514,10000
0x6be5158afbf31a638a94fea742c49d9baee5edc5dc3669bf9afba70647878007,2023-09-04 00:00:00.000,BFIP-07 Flywheel Reorganisation ,0x3897eeff99435b115ccb975984ce2bba96c92679,46,1,"null",47,1025442,10000
0xea578ba9a8ba33776c2fcd2e7688dcc4a7f7656585d8bb516dc036aaff7c89bd,2023-10-01 00:00:00.000,MIP-1.1,0xf588a948b44171b099324fd987d5206a5a3bfbff,45,1,"null",46,10140971,2000000
0x2ba94277276ae638faa81a1b3c703544a8e488b571152dfe66c51a34bbf4711e,2023-06-06 00:00:00.000,[frc-1] Election of Ferrum DAO Mods,0x5582cb27ab7ea220466bbc4a6f3d8db82125e8f8,44,"null","null",44,22124667,6000000
0xc6251588e6889d0132a607c72a8e792490e6fd2198a17c2b9e622249463a2836,2024-02-12 00:00:00.000,LIP-07: $PENDLE token integration to Lodestar Finance,0x49370ba303b24e0b54de6a54a4c6d3bf2e9e5700,43,"null","null",43,708636,150000
0x19c19ac6f44299d3cf0c1ff5db5bb4877d4e38ddc2d69e8f718f6735a496f5e1,2024-02-16 00:00:00.000,RFC: Arrakis PALM Proposal,0xd3802dce7f7a54d59e7a64329d287624ff3f495a,41,2,"null",43,5918,1500
0x9ac67404dbb143fdaf2ca09d407ef8df7de50d1ec50986b405f36f100dbe0808,2023-04-20 00:00:00.000,Demeter-Camelot LODE-USDs pair deployment and bribe,0x49370ba303b24e0b54de6a54a4c6d3bf2e9e5700,41,4,"null",42,358501,250000
0x333aee64a8f2f7cdda2bc0eeda815e049bc8a13a7c0db0fa81b22e5832a09843,2023-02-02 00:00:00.000,BFIP-01 Decrease in-game battle fees,0xb52cbc04618ec8535ef1c900806167cfab62ec41,36,8,"null",41,547941,10000
0xbc4919ebb48d704c5e09fbe04050d430fde202da3c7f275e03e8fef5e2e3691b,2023-06-15 00:00:00.000,[frc-3] Reducing Waiting Period and Pulse Check Quorum,0x5582cb27ab7ea220466bbc4a6f3d8db82125e8f8,40,4,"null",40,23041099,6000000
0x59ff3eaf54c68e62a6f6e7ff1e3dddeabc8e6ef45028a919a8b36aaff5226233,2023-09-19 00:00:00.000,MIP-1,0xf588a948b44171b099324fd987d5206a5a3bfbff,40,"null","null",40,9898836,2000000
0x91a2359ac4b341d731895e8fabf482737084d5d7636c1454fef3ef05e9c5a9ed,2023-05-23 00:00:00.000,BFIP-03 Treasure ARB Allocation from TIP-28,0xb52cbc04618ec8535ef1c900806167cfab62ec41,24,16,"null",39,1021864,10000
0x6a6f6da509204aa9de375cd40b827ea8b654a669a0345b4ca35094e23f2b7261,2023-06-09 00:00:00.000,[frc-2] Enhancing Market Visibility and Liquidity Provision through zkMakers,0x5582cb27ab7ea220466bbc4a6f3d8db82125e8f8,42,"null","null",39,23372132,6000000
0xa906c68e8d7829c719735911a166f8a7ba7f179eaa1a460b56e6b85c08ad5790,2023-10-25 00:00:00.000,Use Treasury funds to buy Glitch & Sclaps' XAUUSD Daytrading EA, available for 2+ primapes holders,0x08aaa4e3ae80b24282d905c1990f8a2416cd7e41,28,14,"null",38,64,10
0x23a977c1045378fc7822fb4971615fe0f02704ab110865360ffa2aaddc685e11,2023-07-16 00:00:00.000,Proposal to Enable Trading of vesting esACID in the Market,0x340ea49c1ff394cddb99e684518542e67745ce3d,15,21,"null",36,26755,30000
0x2d3adbc7b92df782bd58f53cafaffe83f73c4402bc22d509cb58cf55817f9106,2023-11-03 00:00:00.000,LIP-04: Increasing Reserve Factor and Rake Distribution for Stakers ,0x49370ba303b24e0b54de6a54a4c6d3bf2e9e5700,38,"null","null",36,850777,150000
0x316e608b91f39996e4ee4892bd190b009678e5d2a4e454e1fd02cff3e799f7c6,2023-12-02 00:00:00.000,LIP-05: Lodestar V0 forced liquidation,0x63492e70d77af90f868b3d64c12a73d27155edaa,34,2,"null",35,208883,150000
0x833ee85471232187ebd4f321319f9bae50be974feb2c2f2df5ea1b30e9ad8c34,2024-02-26 00:00:00.000,LIP-08: Enabling the MIM market with Collateral Factor set to 0,0x49370ba303b24e0b54de6a54a4c6d3bf2e9e5700,35,"null","null",35,433902,150000
0x8e2d22559be10949ff9fcef80041ec43fc6448543d589aab116deb91f75be5e4,2024-01-10 00:00:00.000,Treasury: Deploy $10,000 of $LODE on Timeswap,0x49370ba303b24e0b54de6a54a4c6d3bf2e9e5700,33,2,"null",35,318559,150000
0x56fd34d2944a2f7561a07e38c821d556d5e081a2e474973d37e19c3be47dce38,2023-12-26 00:00:00.000,Proposal to extend the Arbitrum STIP grant to the 31st March,0x49370ba303b24e0b54de6a54a4c6d3bf2e9e5700,32,2,"null",34,415685,150000
0xa9f94d33d6c4360356dd8edb7a28a1f9c6cbfbc250c02722847b393dddee09c1,2023-05-09 00:00:00.000,Using O3 Labs' $ARB Airdrop,0x031ab6d9562ff6422b203d9ac3f529c9064ea4e4,1,"null",34,34,123880,50000
0xfd551c287550508f523a7fd92d2ccd6b92bbb28609f00b44edaedd0ec3701d32,2023-05-20 00:00:00.000,Sell vested $ACID in treasury,0xac57df25f08e67122c2d191546fdf1e027c0127d,33,1,"null",34,57,50
0xbbd0f9c7765d077b0639819e529e0b31aaa4dd01078df85a256d91c18333cd02,2023-05-01 00:00:00.000,Proposal to Add ARB Token as Collateral and Borrow Market ,0x49370ba303b24e0b54de6a54a4c6d3bf2e9e5700,34,"null","null",34,365465,250000
0x3f948f1fd35aa2ddab867bb9f1cdf249ebf69920ab83200ca6b03c38131deae6,2023-05-06 00:00:00.000,LODE bond market on Bond Protocol and Bond campaign for audit,0x49370ba303b24e0b54de6a54a4c6d3bf2e9e5700,34,"null","null",33,318154,250000
0x2ef2cc962e5117ce4afbf3ed44bc810b669f5d93d7eb80d8782cedfc6678eeef,2023-04-10 00:00:00.000,Buy 1-year subscription to Web3Quant's weekly crypto content,0xac57df25f08e67122c2d191546fdf1e027c0127d,31,2,"null",33,63,50
0xb70f830bb345e8b5fd35a12887fe4a3c7de3534c189ba4478ccfa896ba9ceb1c,2023-06-03 00:00:00.000,Use treasury funds to pay for a PrimapesDAO rebrand (logo + website).,0xac57df25f08e67122c2d191546fdf1e027c0127d,31,2,"null",33,72,50
0x2c744378fd9f203af5e53408c0218588f8eef4403111aa3eb501458b6fd7821a,2023-03-23 00:00:00.000,BFIP-02 Ratify Product Roadmap,0xb52cbc04618ec8535ef1c900806167cfab62ec41,32,"null","null",32,739592,10000
0x5a8d1cf4627fe87f436a2dc33394ec25d9e6b6502444301ece64e4ba11f381e8,2024-03-01 00:00:00.000,Vesting UMAMI incentives Pilot Program,0xb0b4bd94d656353a30773ac883591ddbabc0c0ba,32,"null","null",32,189223,175133
0x91e9560c926b8571ea384bcc5da81bb8acba70d2d12d4f43289aafb595cc55d3,2023-03-21 00:00:00.000,AIP-6: Withdraw 4,300 GEM LP Tokens (35% of total LP) for CEX listing,0x887a5c67d4dd51965845c1b668c1faa183739ad0,20,13,"null",32,36675984,30000000
0xc6893d7d65319bd6f4124b40713a15b1eecd9218c7b5a76d196da30f6fc7b545,2023-10-19 00:00:00.000,Proposal to Increase the Exchange Ratio for A1.5 Tokens,0x340ea49c1ff394cddb99e684518542e67745ce3d,27,5,"null",31,29131,10000
0x561ab9695d5d1dba79693f8f439f854138e24ea3c9961d747ac44fe358e422b6,2024-01-22 00:00:00.000,LIP-06: $MIM Token integration to Lodestar Finance,0x49370ba303b24e0b54de6a54a4c6d3bf2e9e5700,25,5,"null",30,205570,150000
0xcb8dc64c0f28532768c1a026cd39b2ca68662fe2f2cfb0258146001066ee8c57,2023-10-10 00:00:00.000,Revenue Share Implementation,0x09cff53edbadefbc50a2b61f77e7a23f252374d3,32,"null","null",30,4586062,3
0xb2e3bba51774a7c197572afac327d572aca8198a009571c25f1bd37d3d8efb2d,2023-11-22 00:00:00.000,Mugen Redemption Proposal,0x6cb6d9fb673cfbf31b3a432f6316fe3196efd4aa,28,2,"null",30,16400,1500
0x6b7a71905fa91a40f37f858572d039c98b43d6aff3020963c7eaf86ac7cc7b80,2023-07-17 00:00:00.000,LIP-3: Enabling Lodestar Finance V1 + GMX/wstETH markets,0x49370ba303b24e0b54de6a54a4c6d3bf2e9e5700,30,"null","null",30,410117,250000
0x92bc84932b19f5225b251770ed0e1b126534a832fb251a14b459de00a139be02,2023-03-14 00:00:00.000,VIP-001: Collect OTC funds for marketing campaign,0xdb44cec77bc03dbc57fa6a6a6bdc4476e98fa31c,20,9,1,29,541,300
0x519668f1cfb66c4375e4ff0144620315348e567c22f4d489ac15f7f82b589ebf,2023-05-30 00:00:00.000,BFIP-04 BattleFly DAO ARB to ARB / ETH LP,0xb52cbc04618ec8535ef1c900806167cfab62ec41,27,2,"null",29,1379551,10000
0xa884a7d79f0b1b7bc0187e754f22518a0f000add845eedceb45933c952081d54,2023-10-08 00:00:00.000,Use treasury funds to invest in IntentX seed round.,0xac57df25f08e67122c2d191546fdf1e027c0127d,10,11,7,28,41,10
0xb99e7ead7f9252ca6b512fdc80f190a1e31a5f2148e843ec73daf7ed0345c83c,2023-07-14 00:00:00.000,Proposal to Enable Trading of vesting esACID in the Market,0x340ea49c1ff394cddb99e684518542e67745ce3d,14,14,"null",28,6502,30000
0xea44f6bb23cb16770ed44b2791c9c182ec91c4d4037f55e7e4e924391657f05c,2024-01-31 00:00:00.000,RIP - 1: Governance Clawback of Inactive Partner veNFTs,0x58dfdbee1d0d157aded161c16bd40a61bd15deab,28,"null","null",28,70214770,100000000
0x41fbb2fcbd5fbb79e053efddd117014e96ce06c24f9abbf93fb4afc213a88325,2023-05-16 00:00:00.000,The treasury is distributed in advance, and after the vote is passed, the ETH is immediately distributed according to the acid h,0xdbd62b8115f0c4065ce4eeb77d9296cb7bfc3913,13,14,"null",27,17505,30000
0x2c69703c4bc59d674f1e81810f67c6403019abc0a1c4a1fe0af6d5e34d9d35a7,2023-06-11 00:00:00.000,Use treasury funds to stake ETH on Swell.,0xac57df25f08e67122c2d191546fdf1e027c0127d,1,17,9,27,40,50
0x7b8132fc235b849175ecf7d56318a688e2ae1d5644c80696252cd0f0d6036e6d,2022-01-13 00:00:00.000,CastleDAO - CIP #0,0x846ff49d72f4e3ca7a3d318820c6c2debe23c68a,14,"null",13,27,119,79
0xccfdb62950d7d5b7f906d189c48efa51950c47e6be50b804b3aa8ef3a463b83d,2023-02-05 00:00:00.000,Community Council Confirmations - 0xStorm,0x85eb5a2077e88559b8a63206fbc9a9311f8e63a5,27,"null","null",27,206783,250000
0x38ffe468e5da476833074ed0b3496efa00d52a5424b70d5a088790bf7a052f6d,2024-01-17 00:00:00.000,Extend Lodestar Finance to EIP-4824,0x49370ba303b24e0b54de6a54a4c6d3bf2e9e5700,27,"null","null",27,221516,150000
0xdf73fe44cb6b8ef956dece5e285fe0bdb01ffcef0710f8a0e15b367da254b401,2023-03-12 00:00:00.000,VIP-000: Incorporate community governance,0xdb44cec77bc03dbc57fa6a6a6bdc4476e98fa31c,26,2,"null",27,519,300
0x04d12e421fc5596b2506d03676481040d91910435726764ff12aff813ebf92fc,2024-02-14 00:00:00.000,TIP-36: Updates to MAGIC LP Incentives: Conservation for Future Initiatives,0xbae65c4ba62799f68817cbb2bb353da4572c23ae,1,2,24,27,824622,3000000
0x01980b6dab702fb5e1eaa8bf26b5376ed3f0aafc66cac9cc69694980b7d96209,2023-09-18 00:00:00.000,TestMIP,0xf588a948b44171b099324fd987d5206a5a3bfbff,24,2,"null",26,5615793,2000000
0x3e783b2d9855ffb2e50a13725953442954f86d54b53c0aa08686ee1a4795bc46,2022-07-21 00:00:00.000,HIP-9 (Asset Listing) - Add sFTMX to Fantom Deployment,0x115f38147f7aabb52ba138930e014e14fffe4238,28,"null","null",26,621331,3442167
0xcbf53b2b7d85cf5ffdfe36e7636a9cb037ac54b989360301e2f316156462aadf,2024-01-15 00:00:00.000,Treasury: Stake LODE for operational costs,0x63492e70d77af90f868b3d64c12a73d27155edaa,26,"null","null",26,164853,150000
0x7214cf42df4274e09518dce9608aa7a84c0f33eb5d9896163290c013292e9e7e,2023-11-22 00:00:00.000,[WKN-USDC] Trading hours,0x5d4483817d9f1c8c67deb303fd8657975fa99d16,27,"null","null",26,4545595,25000000
0xcb646f84a64176ec83142b903876776aa82961795fc0602fc12b9e44a54ed12d,2023-11-29 00:00:00.000,Lodestar Marketing Budget Proposal,0x49370ba303b24e0b54de6a54a4c6d3bf2e9e5700,24,1,"null",25,156304,150000
0xd31692c38833a52e2861d84d7d64753622fc791abc7e745bdf6cb3788fb5f551,2023-01-20 00:00:00.000,(OGP10)-Launch Litter Box 3 on Arbitrum with Reward Program and Add New Markets Like Bored Ape Floor Price,0xdc826ac58a5fa9f4f35aad8ad6b679fa2f9fd6dd,25,"null","null",25,2502,2000
0xf5685479b64df6ef278b4a0d33f998c8edbb6d8844a45615ad653d2b8af9222d,2022-07-21 00:00:00.000,HIP-8 (Asset Listing) - Add MaticX to Polygon Deployment,0x115f38147f7aabb52ba138930e014e14fffe4238,25,"null","null",25,630076,3442167
0x9d0baf5758e61caee19bf68bbb5451c57c469843503a84cf304283469e5f542f,2023-05-17 00:00:00.000,Adjust the Maximum Supply of ACID Tokens and esACID Unlocking Parameters,0x340ea49c1ff394cddb99e684518542e67745ce3d,15,10,"null",25,15876,30000
0x28c4293613fa2bd0e07584767143b15558d1fe96c2e7c72310876b69e84f02c7,2022-06-21 00:00:00.000,HIP-5 (Asset Listing) - Add agEUR to Polygon Deployment,0x115f38147f7aabb52ba138930e014e14fffe4238,23,2,"null",25,931728,3442167
0x14951c96b9b27de6c249eb5ce34208dfe58a5d25468d57178aaec88f8c4cc1cb,2022-07-05 00:00:00.000,Will ETH close above or below 3934 USD at July 27 2022 00:00:00 UTC,0x6d4ca4bfd6a478a6997c5d898f431537f401283c,16,9,"null",25,24,200
0xdc5879a4c0c4a0310872418dab9e63ee1a22afe16c171232ce133e56ceea8887,2023-08-01 00:00:00.000,[frc-5] Reducing Crucible Fees and Increasing Liquidity to entry barriers,0x9603917044fc704447b769f0df7afa487f176327,21,4,"null",25,11521124,6000000
0x7dc46e4689f4bf5cc464c3974b0019000fba14ffb4bb3defc62f5bb7b23a355e,2023-06-30 00:00:00.000,Signal Proposal: Lodestar DAO to Support Camelot's Grant Request,0x49370ba303b24e0b54de6a54a4c6d3bf2e9e5700,19,5,"null",24,315980,250000
0x1575e7c70f99ebdb151563313d4d2a0f42dcdfc6a7430a99ec43da253c1eb716,2022-12-13 00:00:00.000,AIP-1: Mint +3.85% SILVER for rewards and distribution to early adopters,0x887a5c67d4dd51965845c1b668c1faa183739ad0,23,2,"null",24,856701,30000000
0xef2be4e934bb7a44e0cd533971ed132a61e273c9e7f8b06a110180f7fe4d97d6,2022-06-21 00:00:00.000,HIP-4 (Asset Listing) - Add BOO to Fantom Deployment,0x115f38147f7aabb52ba138930e014e14fffe4238,23,1,"null",24,764832,3442167
0xd22f9ab2536efd9b777c83267838cc3968635fff84eea6af92772f75b483e64d,2022-09-04 00:00:00.000,Compensate Tetranode’s veFXS Votes,0x5f153a7d31b315167fe41da83acba1ca7f86e91d,18,3,2,22,1221234,250000
0x998064ff0299800729c1363ace9bd4a1ed55de4a463aec5d5cfc3442126e5642,2023-10-02 00:00:00.000,Community Council Election: Martin,0x49370ba303b24e0b54de6a54a4c6d3bf2e9e5700,22,"null","null",22,468410,150000
0xd12ed6118c32f003ba2a1033831f85d7da2888bd32897e26f2e7d638280778bb,2023-10-02 00:00:00.000,Community Council Election: Mogie,0x49370ba303b24e0b54de6a54a4c6d3bf2e9e5700,22,"null","null",22,439145,150000
0x0fb6798de63a82d37dc1751f64cf4b1369be1032563975dd2f0d4605def03e7b,2023-02-05 00:00:00.000,Community Council Confirmations  - Mogie,0x85eb5a2077e88559b8a63206fbc9a9311f8e63a5,"null","null",22,22,187490,250000
0x7150bc224e7df441aa6d3d1a0b3382a27eeb9077f9aa3793608570c7328c673f,2023-11-11 00:00:00.000,Treasury: Deploy 10,000 USDC on Timeswap,0x49370ba303b24e0b54de6a54a4c6d3bf2e9e5700,22,"null","null",22,332309,150000
0x84719db3b96b969cfb5c142233150928c7643612b74b7be1ef4cea4042f8c068,2023-05-29 00:00:00.000,0xAcid TVL Commit to the sACID Vault of 0xAcidTrip,0x2c042eff8c6ee04e645186d17381dd9b6edda9fa,15,7,"null",22,6485,30000
0x99e93c8b6fdc9f6a4f3ae7eb3075bc42c6c1b71757c5eb12fa337f3b15401d58,2023-02-05 00:00:00.000,Community Council Confirmations - CK,0x85eb5a2077e88559b8a63206fbc9a9311f8e63a5,"null","null",21,21,172229,250000
0x3bd3dd5d751240f58e3739e64a641631542c3f23831265157946747854d6e20d,2023-07-13 00:00:00.000,[frc-4] Q3 Marketing Budget Allocation for MultiSwap and Kusama Parachain Promotion,0x5582cb27ab7ea220466bbc4a6f3d8db82125e8f8,20,1,"null",21,7204805,6000000
0xc775f45834cccd2dc39ca4aabdc71d1e59ee506df08272cbf12d11b32604b2eb,2024-03-02 00:00:00.000,BFIP-11 BattleFly DAO Treasury Investment in PlayFi Labs LTD.,0x3897eeff99435b115ccb975984ce2bba96c92679,21,"null","null",21,465651,10000
0xe799aa676b232e8a4a715ec2bb640fb44d757b74657c5a35b4fcd7371ec4597f,2022-12-27 00:00:00.000,split lps to both fish and eth,0x611eae57ee15b4e8d8d8fb8beb3a94c288a759f0,3,1,17,21,962581,30000000
0xc7fd75618e546dd26038171a5769a5dd0d04dc1af24a888bb6507edfd5aa9d0a,2023-02-05 00:00:00.000,Community Council Confirmations - PNP,0x85eb5a2077e88559b8a63206fbc9a9311f8e63a5,"null","null",20,20,172365,250000
0x10e8e576d72f8e741da4178b3c7751b7d8c346496af2e79cd59d60a241c55f09,2022-10-04 00:00:00.000,(OGP3)- Rewards program with OVL distribution ,0xdc826ac58a5fa9f4f35aad8ad6b679fa2f9fd6dd,19,1,"null",20,28,2000
0x78ceccf64b133479ffd3fa7dc37b094a6e0e1bdf9de3567545382eee7542e3af,2023-10-02 00:00:00.000,Community Council Election: Gangster123456,0x49370ba303b24e0b54de6a54a4c6d3bf2e9e5700,19,"null","null",19,411208,150000
0xda2a87948d687ccdb7f62be9f7542340672760493bf7d48a530df3ff991f45e7,2023-04-04 00:00:00.000,Ascension Protocol to go crosschain?,0x8ce70a2ede8ee97b29da934baa8720fa3695ceee,17,1,1,19,5321700,1440000
0x84e923cb53a9bbb85fee7f2bc1539fadc8ceea020299e04f9f2ad4618a0f6d5e,2022-10-25 00:00:00.000,(OGP5) - Sandbox Launch Expansion to More Users: Litter Box 2,0xdc826ac58a5fa9f4f35aad8ad6b679fa2f9fd6dd,19,"null","null",19,27,2000
0xcd8542c20f5db4ad531fbd5c0b083960c38e6158f17ac6bdc9603c036b1f95e3,2023-11-06 00:00:00.000,LODE liquidity and POL migration to Camelot V3,0x49370ba303b24e0b54de6a54a4c6d3bf2e9e5700,18,1,"null",19,315255,150000
0x8022de4f8146fab4d440bac20e7f295c51dbcf244169ecb95bce114d23dfa601,2023-03-23 00:00:00.000,AIP-7: Merge GEM and GOLD tokens into 1 single token for Adv3nture ecosystem,0x887a5c67d4dd51965845c1b668c1faa183739ad0,17,2,"null",19,29842649,30000000
0x029f753a282f39592d7867bfeb2d3e791fc6bbd6716e069e5f46732e80f83e25,2022-01-16 00:00:00.000,CastleDAO - CIP 1 - Include Smol Bodies,0x846ff49d72f4e3ca7a3d318820c6c2debe23c68a,18,"null",1,19,106,79
0x487a180076c102acd8518c76a7edd999d263ec033a3fb0ba7287ccc2ebbf8f91,2023-10-02 00:00:00.000,Community Council Election: J_Dougie,0x49370ba303b24e0b54de6a54a4c6d3bf2e9e5700,19,"null","null",19,377842,150000
0xcb5eadd9943193ca82517d2dd3e0d1214e21876242cf6510a18a8e767853b573,2023-12-01 00:00:00.000,Update to Hord’s Vesting schedule & extending the foundation lock,0x62f9ce3a054ea4b828e4a66241919101519855d7,19,"null","null",19,2197114,3
0xfd69e40213a6f32f1e23b340d87b22cc5c07a44c857c65df02b229c3a3bad50e,2024-02-14 00:00:00.000,[frc-6] Reward Structure for QPMs and QPVs on QPN,0xcb53ffc78921c069dc104d0781237ee04736e82d,18,"null","null",18,8465868,6000000
0x30465510f5c3ec291fae7a0d8712316cef602929f1cacd34f82505012686d6a8,2023-02-05 00:00:00.000,Community Council Confirmations - Martin,0x85eb5a2077e88559b8a63206fbc9a9311f8e63a5,"null","null",18,18,153485,250000
0xf65de4ad43345f4f6a7c1d1113a218ef9127a66b9e586654caaba3a1c49df7e3,2022-10-11 00:00:00.000,(OGP4) - Add Wrapped Bitcoin (WBTC) Market to Overlay,0xdc826ac58a5fa9f4f35aad8ad6b679fa2f9fd6dd,12,6,"null",18,26,2000
0x4db20db2f3a08ac178387905a454c7084708828d5186991e9626350b0a8eab37,2022-08-10 00:00:00.000, (OGP1) - Should we convert into Dogs from Cats?,0xdc826ac58a5fa9f4f35aad8ad6b679fa2f9fd6dd,1,16,"null",17,22,2000
0x73035edd3b2fb3119f198a71f12c1a75af2e6353f3117bfae39bff8a38222cb8,2023-12-04 00:00:00.000,BFIP-08 TreasureDAO Treasury Swap,0x3897eeff99435b115ccb975984ce2bba96c92679,18,"null","null",17,982960,10000
0xaa87626896e244285eb64d6b45a0b3aa4a8247f621f1cdac9383a2021eef2e2c,2023-10-02 00:00:00.000,Community Council Election: Arbitrooper,0x49370ba303b24e0b54de6a54a4c6d3bf2e9e5700,17,"null","null",17,443989,150000
0xdbe04cd7225d1e1e667c86e585cc9009c52287055743e64639ba6bfe6e16cd2b,2024-03-19 00:00:00.000,Switch WKN-USDC pair to WKN-ETH,0x5d4483817d9f1c8c67deb303fd8657975fa99d16,"null",6,21,17,5212720,25000000
0x313015f62939c259b6414150abcfb158ef079f7cd44c6172e44fd7abdd0e989c,2022-06-21 00:00:00.000,HIP-6 (Asset Listing) - Add MaticX to Polygon Deployment,0x115f38147f7aabb52ba138930e014e14fffe4238,15,2,"null",17,735210,3442167
0xcb310752fe7fb2a0aed48ba57972ca159f58b281950386b2da8c33ee199f66a5,2024-03-15 00:00:00.000,EIP-2 Grant Proposal: Catalyzing AI Innovation through the Inaugural DeAI Hackathon and Developer Community 2024,0x93d3ae5368c9f017ded649728a9b7e4d88a0a8c6,"null","null",16,16,2966139,7
0xbd111740e66a911bd82501294572649db27b7d098aea3a5abfdff7f6b957eaa4,2023-02-09 00:00:00.000,$LODE deployment on Impermax,0x49370ba303b24e0b54de6a54a4c6d3bf2e9e5700,15,1,"null",16,146762,250000
0x3a9c66bd0d3b3cb57578b385251241c0680d77fcfcd4daf02b9fed6049067583,2022-01-25 00:00:00.000,Land NFT,0x846ff49d72f4e3ca7a3d318820c6c2debe23c68a,16,"null","null",16,101,79
0xfe8d7db0dea872757685f04ef95741852a8f95f9b5c6c1fd477a93b2c7632b88,2022-01-19 00:00:00.000,CastleDAO - CIP 2 - Include Arbidudes,0x846ff49d72f4e3ca7a3d318820c6c2debe23c68a,16,"null","null",16,87,79
0x951d7e0a2455c9013fd9b7d89bc2ed1e94c5028e2dcf8aa264ce2d272ca61295,2023-10-23 00:00:00.000,Approve stark gas fee on starknet instead of eth,0x0e963238ee2c4519fa97512014f1dc6731ac7e04,16,"null","null",15,27,50
0x1d42ffad3ef486c9a8f3e6d9847f32a42b0af4c26a5e165c4fcce87f954d5e9d,2023-11-17 00:00:00.000,Community Proposal: Allocating Treasury Funds for Low-Risk Yield Farming,0xc22f47ebc79ec52b0aa5db9a47c6facffcc2ea42,14,1,"null",15,2741965,2039683
0x2ee1b0f74aa846289fbe51dc29afdf7dc6b3c0e991edba8c495eb8221e18fec3,2022-01-20 00:00:00.000,CastleDAO - CIP 3 - "Free" Crypto Generals,0x846ff49d72f4e3ca7a3d318820c6c2debe23c68a,11,"null",4,15,86,79
0x0a3723eac9c4f3cdea27469dda7be6559ad491275312170b92cc03f595a95a99,2022-12-07 00:00:00.000,(OGP8) - Rebranding and New Brand Guidelines,0xdc826ac58a5fa9f4f35aad8ad6b679fa2f9fd6dd,14,"null","null",14,20,2000
0x1527c141f166c8f2385459872dc6922196fe08ed9e9501b6c4ddfc311c0db72e,2022-06-21 00:00:00.000,HIP-7 (Asset Listing) - Add sFTMX to Fantom Deployment,0x115f38147f7aabb52ba138930e014e14fffe4238,13,1,"null",14,603574,3442167
0x242e6ef0c5214cc1db83466ae44052f09b2e3f27d4bc07e65ab8d84ba8b42f15,2022-11-21 00:00:00.000,(OGP 7) - Structural Changes for Litter Box 2,0xdc826ac58a5fa9f4f35aad8ad6b679fa2f9fd6dd,14,"null","null",14,20,2000
0x9dc67faacfc122d6b2c1a83960836903ebe75c18e23a2d4257f78d8016862d51,2023-03-16 00:00:00.000,gm,0x7e0512f8089886003798cdeb60c898b145634bd3,"null","null",14,14,14,20
0x7a4a20a51bfb7bfa02b39e52755bde53fe65310413c45fb7fab94d5830a6a17e,2023-07-27 00:00:00.000,BFIP-06 Flywheel Referrals Feature,0x3897eeff99435b115ccb975984ce2bba96c92679,4,10,"null",14,420262,10000
0xefc97d3c304d1b4bbeda7eec923809f6e2296475efb2db8a686ef4a106f4e8b4,2023-09-12 00:00:00.000,SIP-2: A proposal to standardize liquidity across the Savvy ecosystem and secondary markets,0xc22f47ebc79ec52b0aa5db9a47c6facffcc2ea42,14,"null","null",14,451740,250000
0x55d6252a0d626fda93e6a96e2bc57124258463f7d9e4e1656d8c1aae4cb5a26b,2022-08-26 00:00:00.000, (OGP2) - Implement the gated sandbox launch: Litter Box 1,0xdc826ac58a5fa9f4f35aad8ad6b679fa2f9fd6dd,14,"null","null",14,21,2000
0xa6c66c14c91e5eaa4666107dd676c2687fa07697c0315495ad3d8b05be819f1d,2024-02-23 00:00:00.000,Proposal: Creation of a Preparatory Group for Establishing an AI Developer Community within EMC DAO,0x93d3ae5368c9f017ded649728a9b7e4d88a0a8c6,"null","null",13,13,15287078,7
0xec895ad7467e2f6e8c62456be625753992860bd88ab5ced0ba5b31f2551bd5e3,2023-10-09 00:00:00.000,SIP-3: Zealy XP Rewards,0xc22f47ebc79ec52b0aa5db9a47c6facffcc2ea42,12,1,"null",13,1102168,950000
0x4e411f98a409e36c6f5d06d371dd9afe396e73bd6fc4746397588fb748a92fda,2024-03-03 00:00:00.000,$1000 Investment in Kima Network,0x9d526a60050aca8e15ffe6afd4fa8bc2f52067dd,13,"null","null",13,13,5
0x05d7b771b2fb8b167fe2a5922a9bef5445f1f900c6dc1e11708cdb0104c9a4e2,2023-12-12 00:00:00.000,END - EARN Network DAO's Future,0x0112649db507dd6a33b0e566942ed936a909f46b,1,"null",12,13,2024054,550000
0x8cc886a676bd4d55dc087d809f22cf7dd87f2abe92a9d2f8f4865357e22964c3,2023-01-07 00:00:00.000,AIP-5: Migrate GOLD token to new Token with Tax,0x887a5c67d4dd51965845c1b668c1faa183739ad0,7,5,1,13,645181,30000000
0x921139eded2ddf306c9c0cc201f5a8802a8b4aebb0c3946919219b82230ca79e,2022-12-14 00:00:00.000,(OGP9)-Introduce Dual Token Governance (OVL+PCD),0xdc826ac58a5fa9f4f35aad8ad6b679fa2f9fd6dd,12,"null","null",12,17,2000
0xc94e301eaa1e70321461443c4db95a0f6d34801c55ee77f15c08f8c5c2c83af0,2024-02-12 00:00:00.000,Berachain Deployment Proposal,0x40ea98543fc57078e77cb19100f323103c7c0f63,12,"null","null",12,12,8
0xe198c82a3aadc46a678c4b5f00e63443fe99e58a2b7d452dae5b5de7f0fc8f31,2023-05-25 00:00:00.000,END - Adjust GAIN's Total Reserves Calculation,0x0112649db507dd6a33b0e566942ed936a909f46b,12,"null","null",12,1271480,550000
0x7bb9cf548e4cd70b77958b65b11dbe60f9a9fbd62ce519dfa5f099db94961e8e,2024-03-03 00:00:00.000,Invest in 1 Veil 404 token,0x9d526a60050aca8e15ffe6afd4fa8bc2f52067dd,12,"null","null",12,12,5
0x76e1f514711ad5fb46693a574cac8815143035da74246ecbe04e6fe1aa4c07d5,2023-12-19 00:00:00.000,[WKN-USDC] Trading hours,0x5d4483817d9f1c8c67deb303fd8657975fa99d16,11,"null",1,12,2778174,25000000
0x6205fdd1043ffc64bbdb595b0d8a2e88199ae841ae5283a338783bbb2ddfc2f9,2023-09-12 00:00:00.000,SIP-1: LBP NFT Proposal,0xc22f47ebc79ec52b0aa5db9a47c6facffcc2ea42,12,"null","null",12,216908,250000
0xf0ba0d837b39399de888979632849b68f9cf1e29500b264d3604308c3a0e32cd,2023-06-29 00:00:00.000,BFIP-05 Ratification of Community Nominated DAO Council Members,0xb52cbc04618ec8535ef1c900806167cfab62ec41,12,"null","null",12,111671,10000
0xffe6efc7162ed6c024be7eff474c0fef7f6f4eccf6a7750d871a5e58101e4105,2024-01-08 00:00:00.000,BFIP-10 BattleFly DAO Revised BFIP Procedures and Clarifications,0x3897eeff99435b115ccb975984ce2bba96c92679,11,"null","null",11,163335,10000
0x686b154b6af44918c6e792da9c5b0d52c510d33253f6c36c63f985d96249cf9a,2022-10-28 00:00:00.000,(OGP6) - Litter Box 2 Rewards Program,0xdc826ac58a5fa9f4f35aad8ad6b679fa2f9fd6dd,11,"null","null",11,11,2000
0xb861b61ed61df2c89f818e7edc0e435e2b306d6f887d29e048af35aac4c48695,2023-10-16 00:00:00.000,SIP-4: LBP NFT Proposal (SIP-1 Redux),0xc22f47ebc79ec52b0aa5db9a47c6facffcc2ea42,10,"null","null",10,1140276,950000
0xbe9321cb32a3d1cad2fbe3d608178b09cd3e6234dd5777bb24ef85a2cdfe1dd1,2024-02-19 00:00:00.000,Blast Deployment Proposal,0xbd3053b37d280850749915967d85f672de073730,10,"null","null",10,10,8
0xe36d551482b09146ce84f001a3b45510bc75445b5c22593f28643856cbb9adff,2022-07-13 00:00:00.000,Formalize Risk DAO as Vesta's Risk Division,0x5f153a7d31b315167fe41da83acba1ca7f86e91d,9,1,"null",10,1234372,250000
0x19ecadae06d5fe95f51cfa8f34026174c9241da160dcca9d94ff450e766f5cff,2024-01-24 00:00:00.000,VIP-1: Verax DID Method,0xd14bf29e486dfc3836757b9b8ccfc95a5160a56d,10,"null","null",10,10,8
0x84ec6d5529f24cae32783102de6d684eb0c2079271c3cc9604dcabfc88e86fd1,2023-12-21 00:00:00.000,BFIP-09 Ratification of Community Nominated DAO Council Members,0x3897eeff99435b115ccb975984ce2bba96c92679,10,"null","null",10,273458,10000
0x128bc7351ba71002e4adade7fb4075cdde7e43ec03c3abb782464d7e75dcd6e6,2022-08-04 00:00:00.000,Olympus & Vesta Partnership Formalization,0x0a1a84cf8bb898c6efd2dc863124c3374e654e75,10,"null","null",10,246428,250000
0x0eb97d38d8ec62518775e3399ff8010248f53c810ee4bd19e909560a5a9b9085,2023-10-10 00:00:00.000,Redress Mechanism for LSDoge Airdrop Recipients Desiring ACID1.5 Tokens,0x82cc68f979e9f525ae232abbacbe4904c96d0d8a,8,1,"null",9,792,10000
0x2a5856cdb90a43d3d2bd5a630c733e76f2d3ba90284a881c0022b8aedc7d94c2,2022-07-23 00:00:00.000,What do you think of Super Apes?,0x88bd639d6b029596b029c61490f29f57b0bf4a3f,8,1,"null",9,31,20
0xab78b9850583d7ed557328c8b145b496bdc96c35f0005bc3c0d82944cf2129d9,2023-10-12 00:00:00.000,Proposal to add a new strategy to AutoDCA,0x55040a56478afa87b6e416fbf87438ff55e292e4,4,5,"null",9,4205560,2000000
0x6e53fd646efc5d5116a10c62cd9a2cb6113e2cc22499ba174dd7f4fad745cb3a,2024-03-21 00:00:00.000,$1000 Investment in TARS,0x9d526a60050aca8e15ffe6afd4fa8bc2f52067dd,8,"null","null",8,8,5
0x5b14b61a85cf3dbe8c2d4ce7014c74bc6c17c6b87c8a076b4aa7fe2c2429dac4,2022-02-09 00:00:00.000,PlanckCat DAO 1st Proposal! Ratify Discord Vote: How should we distribute PCD?,0xf4905bd17982966bb4bb5faac8cd117be8a59ef6,6,1,"null",7,7,2000
0xbdcdc932d2ace876c03b7a81f2b13f69881d2e0310e3ed92c9daa7235d5db25a,2021-12-01 00:00:00.000,dGenesis Governance Procedures,0x987c781938d0881306069ec9e3f7e914cf23c9fe,7,"null","null",7,203,50
0xec88562c9c948d9e565468b4cd67628030221a10e77e28542ac6c6a8212e5102,2022-08-18 00:00:00.000,Commit 500k VSTA over 6 Months to Bootstrap VSTA and VST liquidity on Balancer via Aura,0x5f153a7d31b315167fe41da83acba1ca7f86e91d,6,"null","null",6,38870,250000
0x162fe31ffa0e2c6b7db2ddcf7320b8c8393c2f55bdfb23cfdda46a7d3e337697,2024-03-13 00:00:00.000,$1000 Investment in BONDEX,0x9d526a60050aca8e15ffe6afd4fa8bc2f52067dd,6,"null","null",6,6,5
0xa0a38b726895d5f41989429462cb7462e29aa529d887086d26a4eabb9e7173dc,2022-09-24 00:00:00.000,Add Cap Finance and Rage Trade strategies,0x6cb6d9fb673cfbf31b3a432f6316fe3196efd4aa,4,1,1,6,112,1500
0x7fbb5cc25476bdaf5ea079538af47004f5924ce440a796861953a0560b98d166,2024-03-18 00:00:00.000,Deploy Verax on Internet Computer Protocol (ICP),0x03d5236cf15c13b45b31d343b125b739956b5744,5,"null","null",5,5,8
0xe0cdfd62579b545b3fd41187b4ebedff38d91735fc2af7c285b9ec5eec35c019,2023-12-02 00:00:00.000,Proposal to add a new strategy to AutoDCA,0x55040a56478afa87b6e416fbf87438ff55e292e4,5,"null","null",5,3121320,2000000
0x16eedcf3bbf769213577faee3c3aca3f7e7c3f4d17460b802262d28a2fae7919,2023-06-27 00:00:00.000,Ratification of the Ascension DAO Constitution and Opening of DAO Tiers,0x95e3a824b159a947512d0e73efcdf717c185877f,"null","null",5,5,2681147,1440000
0x0a998942ae53c0add9745d656cf5a859456ee375f493016caeb5e0d74bd74067,2023-05-05 00:00:00.000,Ratification of the Ascension DAO Constitution,0x0b2d0cb23df4a2eb1a172d86a16e5ac0c31d04be,5,"null","null",5,986133,1440000
0xcfa196c33d28ac5159e66e8f456fa55afbc02eb05f6d0d4bb0e58f8ab231da26,2023-11-01 00:00:00.000,Enable Staking,0x5942f7e612b0d94570217166af633a2297d4c507,"null","null",4,4,418984,4752000
0x665672e354838f540720aa8f63c535f37036d9730032488f694ae6830b59b797,2023-01-02 00:00:00.000,Allow ADV and aADV NFTs to be burned for CH3ST NFTs,0xaaa313393e79ea3454939e843e0aa8dec66a9949,3,1,"null",4,99514,30000000
0xa5ac1b79ff6e083f80be354c915b062b393173b7a23236d11d537f66c6ce6ece,2023-07-28 00:00:00.000,Proposal - Add Dolomite to Core Vault 4,0xb918b3215f93b0043b35f41449e89b109b69b338,2,1,"null",3,223147,50000
0xf81dc3fd623012362cee2e8d32d5f4bf77bc466968b0c233c3acc73a8697b8da,2023-04-03 00:00:00.000,Ascension Protocol to go crosschain?,0x8ce70a2ede8ee97b29da934baa8720fa3695ceee,3,"null","null",3,675110,1440000
0xd90c2613c3b1232d8cfd9dcd7df563951725d17c04dc3b04d3a70053330d8e27,2023-10-24 00:00:00.000,ARB 第二轮空投有没有可能跟奥德赛挂勾,0xa25e5570236ef660d61c195d60e4b1a759f77708,1,1,1,3,3,1000
0x21ce7d7275a42abfc585887eb6c9cbe414e0255ae02473f33eb23c3c7a10e0bd,2024-03-07 00:00:00.000,Lin,0x5d2baf77c2d7bb3240262e99a88f53a17b53df59,2,1,"null",3,0,10
0x5dcd8fde3f57402a6052805f906665ff6cd6826dba2e8d2cdd787156f68d3cfa,2024-02-21 00:00:00.000,111,0xf2e2862583740d6fc1a3d80461999350a69a5696,2,1,"null",3,3,50
0xe2f30b5f13b9decf591f1666d1ed3ae817a12180aba8aceeef1968dbbe672de9,2022-09-05 00:00:00.000,Proposal - Adding Mycelium to Arbitrum Core Vault 5,0xb918b3215f93b0043b35f41449e89b109b69b338,2,1,"null",3,153743,50000
0x2c7baf630206b0941a227196e545635fb6625836ff3d22f389efe70a74748019,2022-03-23 00:00:00.000,test2,0x2349f5077cca4c276be59a23353f539dfe32a39b,2,"null","null",2,50,100
0x5ed4b57b9bdea9fe363bc62e6ba60c924624976ac7c25a0e44389bc5a8dc93fb,2023-04-04 00:00:00.000,Ascension protocol to go crosschain?,0x8ce70a2ede8ee97b29da934baa8720fa3695ceee,2,"null","null",2,278076,1440000
0x91dafbfc22885c090c42c581fc70fe7e397463ce03ab36b0f991ff415ea9d327,2024-02-21 00:00:00.000,еуіе,0x597078723e82a101aab82a9381a90e51272e09a6,2,"null","null",2,2,50
0xd6f175609e85ba7c5aa838c76927877d55cc93b0fd0857e1407da80357cc9d92,2023-12-06 00:00:00.000,BTC go to 52k?,0x078e2c5c7de1d478ad3bd1695369ecde7e245123,2,"null","null",2,0,10
0xdecf0566ec44ae769700a3c08a323ec00ee797da8d0ab6585f2f7c2b5b4cb2ce,2023-08-08 00:00:00.000,Just for test,0x74b993b29f0833cbff05ec6ca1d8513079be6523,2,"null","null",2,2,1000
0xb167558aeab3ab6a3bd6f77ed5fa3c50b118479f99b36512f3a585cf5bfac64e,2023-10-23 00:00:00.000,Burn Power ,0xa4f76c974882e03fefc33b685b45d692b1179bd3,2,"null","null",2,644,80
0xb54029b6d0c28425466bb32379f3d41c9899654ea079155854fc563bc1b3f6ed,2023-08-11 00:00:00.000,Should we go to fishing?,0xe11e5a1257180412992c10dfc111c689ed45266a,2,"null","null",2,2,1000
0x5d152ddb360bbad9d1b03bcf329f575ea3b3396d8d7856cfab9ce759b412e74c,2024-01-22 00:00:00.000,2024年zksync会空投吗？,0xf47ecb9eb273149008c953accf8d0e1a877f49fa,2,"null","null",2,720519197527096600000,100
0x3dc3fb5579b8dcfc48d3f1c41cedcaaa9854494412337421d73d4265698b1ac9,2024-03-15 00:00:00.000,RWA-test1,0x578f0f66c4a9da6024b33dde576bbbf2bdd07df9,2,"null","null",2,192,1000
0xfa71b40b8a9e5d20b2f85ac224550095f918438a4769f012401ded6e3c291fc8,2023-07-17 00:00:00.000,val,0x0e70ec361649784968f664750b09ab277ab7814d,2,"null","null",2,6,1000
0xce69bdbdbf8df85a287a512a316f833d51d7060161fdb6620f1549e1a9af5e01,2024-02-21 00:00:00.000,Implementing Blockchain Technology for Enhancing Transparency and Security of Transactions in Our Ecosystem,0x597078723e82a101aab82a9381a90e51272e09a6,2,"null","null",2,2,50
0x0fe1a1c0fb4209f0336788339866111a6abbea164fc867e9fb93b1b694a5cd6e,2024-03-18 00:00:00.000,For Test1,0x578f0f66c4a9da6024b33dde576bbbf2bdd07df9,3,2,"null",2,11,1000
0xd4db7c4c98fcb9354da5aae5daa8f6ded35f86f63dfde0e46918fa7aabe723c1,2023-12-04 00:00:00.000,Unlocking DOT Opportunities: Staking, Crowdloans, and More,0x385c0a94802704784331ef5f76208fb918ab3667,2,"null","null",2,0,100
0x8328b038ab6713ace7227bae3d1020511c41e1b28d6597727ee13304fc54656e,2023-08-11 00:00:00.000,start a new team?,0xe09b507a9e06c49805c8a1e6a696e8bde6aaedd1,1,1,"null",2,2,1000
0x0379993ea4e02ac484804f8e44c94436f6f30b50b9a64d4a71840f4feab6a5ba,2024-01-31 00:00:00.000,Fantastic news for all Shell Protocol users! ,0x5b87844ecbe69f3749afb6e69a35c4df3e88c88d,2,"null","null",2,3238,1500
0x0f5e0068f6a66dcde76bcdabe3d49cdac90d896c120cde79e987199f9abe6c70,2023-08-11 00:00:00.000,Should we go to camp?,0x2be6357b0e72d2b9bd81841c6daa9478dc62e8ad,1,"null","null",1,1,1000
0x7788b31ab1cffb20a68b23cedbaa783f92d370b9ca0fa4fabf31d349ca595f31,2024-02-03 00:00:00.000,Mrase,0x405f2e3c72f1462109b380819c4d01bd892dafcd,1,"null","null",1,3,500
0x71c0a5343a611050e96196a764312a88fb75a0b50e0e6533854baa175b07f6b6,2023-08-26 00:00:00.000,WHO REWARD BE GIVEN TO SNAPSHOT VOTERS?,0x0bb6f6aa275ffde40ea64509367b3cadadbc7b0a,1,"null","null",1,536671504038,5
0xffd9179a6d98ecb565387db713fbda9859540cfeaa4dc7a8a7769f2b9838c82f,2023-10-22 00:00:00.000,Yeni bi DAO kuralımmı,0xdec87bd36d5e110110705a998ae44a6c33c3ef8d,1,"null","null",1,1,1
0xeea31ddd13be99ecb7111b4d028cf0b8d646a678009f5f905ebee1c366190aa3,2023-08-05 00:00:00.000,BURN token AIDOGE ,0x1cf274a674a29ffe2425c1111b64b4d181744ce2,"null",1,"null",1,536671504030,5
0x1f35dd4613b32bbb433628a35fb337191a2755723138592be34efd5602f6099d,2023-12-02 00:00:00.000,Code is Law,0x723961e54fbd4e02954968974d3e95d9e456d12f,1,"null","null",1,0,100
0xa844317ceabb3454eee0b2ce5d619433b990b182c703ff332459e16f90e7b5b5,2022-12-31 00:00:00.000,Super Bowl Treasury Starter Fund,0xf3b1c4ef590decf215e5c529d149e0e10de35a11,1,"null","null",1,200270,1440000
0x0e8f5982f8e8197859f2d169891dd8729a68ef694b382bc518fe2a56dbe48b93,2023-12-01 00:00:00.000,Trading Guru John Bollinger Warns Of Buying Litecoin,0xb27476aecde71e305aad85bee2227b6ab3e68c56,1,"null","null",1,0,100
0x18d66d23f88fd695f50eaeb393f5bd78c586be8de4ee95e48ad075069c44e9f1,2023-07-21 00:00:00.000,dark or light?,0x209abe91543000e44c38c90cc8fa2074e663c926,1,"null","null",1,6,1000
0xa9d958d648d5162e2c006d8d81d224395fe67539a5d2e4acbc09e98cf2f8ae39,2023-11-25 00:00:00.000,Test new endpoint for snapshot API : https://hub.snapshot.org,0xc873b3a022ce14bc6cfcdc308576200b3e7362b2,"null","null",1,1,1000000,25000000
0xcf2e091f88ca50d9b692298f76e12e6305b7b6dcd4cdf3866dcf189f52649f1c,2024-01-03 00:00:00.000,tgrhyuh,0x955cd5a83661c771e151bd4d0bf8e4c94b8c3fb3,1,"null","null",1,3,500
0xe8fa036545c28692947c15cc8428bcb2b48f101edda5895a72f6b3eb5ea6daa2,2023-12-07 00:00:00.000,Basketball or Football,0x5ac048602a56d93644e230996c33bfc9b915d07c,1,"null","null",1,0,100
0x4c8f1ddea0b8262559e7c3433cbf51b7bc01c4f29ab68052177ded98eb0a3e4c,2023-07-21 00:00:00.000,back,0x9c025fb1e9ddbce3c99096e14e74397377266967,"null",1,"null",1,6,1000
0xca3139a17b8572c13a8e4aa6d8b84e66b7a09a61727c0bc561c6f1f48c7c2f9d,2023-07-21 00:00:00.000,tweet,0x7641c707e48c5374c12b628365347bf890fec007,1,"null","null",1,6,1000
0x99fd216ca3a14544750f96a00fd705a2ac16b75c04eb6298a3a0bb1e71c0ed4a,2023-08-26 00:00:00.000,What's snapshot votes?,0xa041a5c6105f7f62c1c35c0c6910dfd72b6e67fa,1,"null","null",1,536671504038,5
0xb8a12bf6058a6992539190e7c4a0515cdef2ce4ae1d5eb374f4542674070b194,2023-12-09 00:00:00.000,Is it true that the supply of some cryptocurrencies is inflationary, meaning that new units can be created over time, unlike def,0xd467a976766ad89b0cf0f039847f43c9bf43487b,1,"null","null",1,0,100
0x75c90ed83fc3f81a3a35689f29162fef6cad0acd6f3bab67de28f52f6b8f171f,2023-11-18 00:00:00.000,BTC in 2025,0x3eef36bfb6a81cd7c1db9423bda954d296aea66b,1,"null","null",1,0,10
0xd8dde99724e030355210f07441c135aaab80ad4459708182e9f7c88580124164,2023-07-21 00:00:00.000,get?,0x4acef898e405e19804172dfc0f55a82501328d05,1,"null","null",1,6,1000
0x99112fc6cc00cd73e62a67efe475e2e2b1facfb157fe48889923f48af7c2f0cc,2023-12-16 00:00:00.000,sure,0x3834805b7a012e7aafcedc39b5204a2d35ab4a0a,1,"null","null",1,1,500
0xc24a04bd2d452c13c0d73a5049645e1f603aee14dc6617086ecc09364e0f84a6,2023-08-11 00:00:00.000,Should we go to hike?,0xe491e3163fc00dec55cb8c4c4fad7fb3ea6df556,1,"null","null",1,1,1000
0xac175494ecefa4fd064837d7bb4d6a0aa52ca6afbce112251beed9cf2f480612,2024-02-19 00:00:00.000,choco,0x2d2ac3aae01a23825b78ba568c8bb4732b0c56c5,1,"null","null",1,0,1
0x55959f043b6db7a9bd375fdde0a832752c1f751b1cae7f8a5646273b3a6700ca,2024-02-05 00:00:00.000,chi chi,0xe0c3a302da70da92e289f5aebe4672bb9fe5ef28,1,"null","null",1,6,1
0xd7cd9442ecbcb4a6962a00387f97db466459dd8f21335b6431e54192a6fb0245,2023-12-04 00:00:00.000,The blockspace ecosystem for boundless innovation,0x3e73311aa4e71af0f5472765fd334bb32f6ff916,1,"null","null",1,0,100
0x045cd6ccd754b7e568e262fa72081e208e90046067b49042f11c5d3b372044ba,2023-11-26 00:00:00.000,What kind of thing do you like?,0xb93c45d572f84d500ba81f5190e13f878a637d5e,"null","null",1,1,0,100
0x851c6993b674083c03e97cc624c34aec70cc4dac3a6bc42af258def4b3f91c13,2023-12-04 00:00:00.000,Powering the Polkadot network,0x397a5c10c18039676cec523fb509b9ba01280d21,1,"null","null",1,0,100
0x51f0eac853f50ab5abf567893452c545306e3ac89c3aabb19513cc13c50e7019,2024-03-07 00:00:00.000,go Afrika show?,0x512298d291dc51246db4c7a8fd4079b3e384524d,1,"null","null",1,0,10
0x92d07b3533f6bae80d3974918d1c1be8ba3bfdd3995f487a980144cff588ba81,2023-12-02 00:00:00.000,Introduction etc,0x10113195fc8209bc8d23af925f1704656315d46f,1,"null","null",1,0,100
0xdc04bd143cb06df8f24c42a7b5e7fcea8c574dbff0a86a1f4fa8082475cc7c9d,2023-10-15 00:00:00.000,without dellay,0x9cd94144b6e48a8d4bc66365ac951fa1b9812204,"null",1,"null",1,0,1000
0xfc4794f3e00d4c0ea3e61dcf1dfbbf8e918946db10b27bb33ce780996fd9edff,2023-12-09 00:00:00.000,Is it accurate to say that all cryptocurrencies operate on a decentralized network, meaning they are not controlled by a single ,0xe39440b179c128345bba0a202b676de78e049050,1,"null","null",1,0,100
0x18b2ae227beaf52120d2a7a7790ce54b5c95c472f401cc0ad7964c98fa0c9119,2024-01-21 00:00:00.000,222,0x371439fc338b786b888413dcdf5c594775b68cb2,1,"null","null",1,21,111
0xc8e39dea691334741f3c1801627e624c85d6e36418397930f2ec839e413937e0,2023-07-21 00:00:00.000,drop?,0xcb7f41628f5efdf2841081a27bd3a1dee2661103,1,"null","null",1,6,1000
0xa19677d757327c825a72603794694bbdbbc0fb1da61b70f7163266c0e5d6b6d4,2023-10-22 00:00:00.000,as,0xcd6fe8e83cea8c2cfb17410724586b27f19e86f6,"null",1,"null",1,1,1
0x4068cc8bacf9534d72c49e3c9c1a4e4641367c1bc865ed61bd8c50d7347cbc13,2023-12-01 00:00:00.000,Arts & Culture basketball,0x1c326e1a72d5b10b7fe31d7a8dfafec2dc5ed916,1,"null","null",1,0,100
0x37b7dc43cc474006d8d22e3bb44f1f8f166aa98109e2300d55d92a43bd22d315,2024-01-23 00:00:00.000,airdrop,0xd55d8a862ccf147c1e90f4f42c78f098534ddb5b,1,"null","null",1,1,1
0x863e9707e2a621a2ac1321cba605a42dc1241df3848a6414c14b58d511db875c,2023-11-14 00:00:00.000,Premuim pass 4,0x067ae333167ed2d6999bf6af49a9d65ba7745501,1,"null","null",1,0,100
0x3855e471787eca14efd31b777cade7379fad0e1e72c3696cb7d75a891476d4fd,2023-12-01 00:00:00.000,LTC Price Under Pressure,0x294dbaba83baef0172dcb5ea430972f8ab3082a5,1,"null","null",1,0,100
0x09d2c1739f26a48e21b008d4e9c111604a410137a3c0336fb04851c5ca53a469,2023-07-21 00:00:00.000,pro acc?,0x841c3177d645235313a278edeee24871e94e3bac,1,"null","null",1,6,1000
0xe7f407efb0333ea5f780d82623410172e4a5b61b7788d8703ea62c27b497b46d,2023-12-03 00:00:00.000,zks 会不会在今年的12月进行空投,0x005d59b22121c54da7ab00b33700e4409768bfab,1,"null","null",1,2,10
0xcac63b1dae79017b17049cbb12f87f257a4e19bddc21177009b71c3e66d446dd,2023-08-11 00:00:00.000,Should we go to parking?,0x32aa35127b9f7ba20b7b925ca9ba4a2a26d272ec,1,"null","null",1,1,1000
0x37c2bb5dc0995b174a02bddbea2fbe7d9eccefacd939c2c620efe0f6d551cd45,2023-07-03 00:00:00.000,Loobadooba,0x405f2e3c72f1462109b380819c4d01bd892dafcd,1,"null","null",1,1,500
0x2844121691bb7285c157306ad9cd1eb3bf2ad36df55287a58e356654a7e64616,2023-02-17 00:00:00.000,DAO, burn 1k or not?,0x96d1ea81d41111ad653bc78f6e7d4fe90c8fba8a,1,"null","null",1,1,1
0x342a156ccd93d6bca52dfd056eb5a7a5955b47c800b67524b5a5aeed11d31970,2024-02-05 00:00:00.000,810,0xa56c765869e883b70c36d40f782b6a1fe6b4eb8e,1,"null","null",1,1,1999
0x5799fc3d411d0ec819db51d3841c8f4e7181e9c2a6e7b21904c7f8874aa6df9b,2023-10-20 00:00:00.000,How you think next crypto bull is near?,0x4d6b02d062b087e6cc93a7c4b2d25496db850936,1,"null","null",1,1,1
0xb5d53f5666c331d17daf22d82c2e890d8e7c9cf6eb336057ad324ac05beed270,2023-02-17 00:00:00.000,The latest poll,0x96d1ea81d41111ad653bc78f6e7d4fe90c8fba8a,1,"null","null",1,1,1
0xbd540500a8597ce921cb41cba2c24e01768f7cc1ddb22a67b02ff93931fb8be6,2024-01-09 00:00:00.000,BTC 50 by tomorrow?,0x45016e1328cb321c334538ee51f3f25961826ba9,1,"null","null",1,40,10
0xe4547eb6f49a274e5325e37fa545e16448c0d813338d41d4872a99a55357b70d,2023-03-17 00:00:00.000,gn,0x06c20fc3b4767201d77759c85badb58b2f0627f3,"null","null",1,1,1,20
0x8f0a71b65398a1d1ef3774e19c5ed53e8d5f020ff18a9ff7e7aa5a92898c29be,2023-12-09 00:00:00.000,Can a cryptocurrency be used for international transactions without the need for traditional banking intermediaries?,0x2f254d9eecdd85c7ae467ba1b225f8b64fd52085,1,"null","null",1,0,100
0x8694043cd8164f71333c63d9e4c7f40b47eec8f480b3736ff1dc038a4d53df99,2023-08-27 00:00:00.000,Share incentives to snapshot voters,0x0fe50dbf29fbc68dc871c914e202614407413748,1,"null","null",1,536671504038,5
0xd44763e917bb0ec94c031f6b3fa9bae811a13d9f488e25470ff92598a4e5357d,2023-10-15 00:00:00.000,Best of L1?,0xbc3ca4e589868f8e820a500f6ada8448b12538b1,"null",1,"null",1,1,1
0x38dc64ddc10f001921bfe83dd18d8fa8a446ac4558a88b37bf0bbf0c41d3eeed,2023-10-19 00:00:00.000,1,0xd6acfa7de19b515a94db6e7c9f172a98c571c2c2,1,"null","null",1,1,1
0x4baedd619985f50cd2cd700081b74587c948714c127165c1e60951bdc1d15fa9,2023-12-02 00:00:00.000,Virtual Jurisdictions,0x3f45b54e1084c90264d80ab77d8ec671cb362a30,1,"null","null",1,0,100
0x5a7064e8fe92290abb780f1cf9c63ac07c55baaa92879eed10b503d4cf37aee3,2024-01-21 00:00:00.000,111,0x371439fc338b786b888413dcdf5c594775b68cb2,1,"null","null",1,38,111
0xdfbbaf0ba76aac722da303830c41580c6ca028535cfbd0cb5682879c862ef85e,2024-02-11 00:00:00.000,blablabla,0x3a078f02eae0cdab4b97abe92d4143f2304405d2,1,"null","null",1,1,10
0xff17e97402a808aaefd91ce5894c385dd051eac609a8e25a4015a1b90683fc99,2023-10-22 00:00:00.000,Dao için yeni bir ad gerekir mi?,0xdec87bd36d5e110110705a998ae44a6c33c3ef8d,1,"null","null",1,1,1
0x411bb226c6d271e2f25476231fa760b87fba66f4fefd65b5f05a0ae41df0f012,2023-07-21 00:00:00.000,ban?,0x085fd05f8f5865f0f632b99bbf7bbaaba2be80d8,1,"null","null",1,6,1000
0x8ca29ba64605b3db63dd067a353f1107fcb8f7e723bdf41f4de09eb00fee0a06,2023-07-03 00:00:00.000,Should we love Gachi?,0x405f2e3c72f1462109b380819c4d01bd892dafcd,1,"null","null",1,1,500
0x98a6fe865cb68f4ae2bee6d1680c74faeea7b0d443237945356ca8c865e8b394,2023-07-21 00:00:00.000,follow?,0x07403d351b880eaefe7d34159a034fe178cd7a72,1,"null","null",1,6,1000
0x726e72f27d328449a2f82ae23793447c5b414567056c444c9750dfbc60f9d9c3,2024-01-15 00:00:00.000,UPDATED | Umami DAO Proposal #7: Continuation of Core Contributors and Tokenomics Solidification,0x50ce11833f19e1c52e0055a5e0914f7ef7f08aec,"null",1,"null",1,1,175133
0x2321b6daf7e7b15cde8611112ba3c9393b052a07bc3b8d87c5b2e53983301ea4,2023-07-21 00:00:00.000,delete guild?,0x5e3a26c92095d7708914ee270ec8533c0b1ffc0d,"null",1,"null",1,6,1000
0x3e9a42c2394284ba83fd0e1369fbcaab00781bcbe34aad02760b9690671ec25f,2024-02-03 00:00:00.000,shu ge shuai ma,0xcf044d49e2de7f4f6263aae340f837028bb57a5b,1,"null","null",1,0,1000
0x8d2b410c8f81e9f38c5b65d2ea570ffee36dca38b7fa5cbb5d6006412a4b7c78,2023-10-19 00:00:00.000,1,0xd6acfa7de19b515a94db6e7c9f172a98c571c2c2,1,"null","null",1,151,1
0x26ef72ac00f7f539f9e04c7942606b1a93ca9f6fdf8efdf1d28e0013776b77b8,2023-07-21 00:00:00.000,rekikck?,0xb3201134ef7b335fbeae4d208ef9b8b003a27821,1,"null","null",1,6,1000
0xbdbee5c3d5acdb07d9a558ca6622305ffb3d059e73d0a97b562ff1b361d8c9c5,2022-03-23 00:00:00.000,test,0x8a2bcf4eb6ed2fd766fa0b537e47c374b36a517f,1,"null","null",1,25,1
﻿
