TIMESPAN,VOTE_OPTION,VOTERS,CUMUL_VOTERS,VOTES,CUMUL_VOTES,VOTING_POWER,CUMUL_VOTING_POWER
2023-03-26 00:00:00.000,For,97,97,148,148,"null","null"
2023-03-26 00:00:00.000,Against,17,17,25,25,"null","null"
2023-03-26 00:00:00.000,Abstain,10,10,12,12,"null","null"
2023-03-27 00:00:00.000,Abstain,327,337,387,399,"null","null"
2023-03-27 00:00:00.000,For,10543,10640,18569,18717,"null","null"
2023-03-27 00:00:00.000,Against,597,614,732,757,"null","null"
2023-03-28 00:00:00.000,For,4538,15178,7923,26640,"null","null"
2023-03-28 00:00:00.000,Against,527,1141,650,1407,"null","null"
2023-03-28 00:00:00.000,Abstain,224,561,261,660,"null","null"
2023-03-29 00:00:00.000,Against,417,1558,540,1947,"null","null"
2023-03-29 00:00:00.000,For,3043,18221,5344,31984,"null","null"
2023-03-29 00:00:00.000,Abstain,141,702,159,819,"null","null"
2023-03-30 00:00:00.000,For,4932,23153,8432,40416,"null","null"
2023-03-30 00:00:00.000,Against,565,2123,721,2668,"null","null"
2023-03-30 00:00:00.000,Abstain,188,890,209,1028,"null","null"
2023-03-31 00:00:00.000,Against,405,2528,490,3158,"null","null"
2023-03-31 00:00:00.000,Abstain,102,992,117,1145,"null","null"
2023-03-31 00:00:00.000,For,2256,25409,3725,44141,"null","null"
2023-04-01 00:00:00.000,Abstain,76,1068,86,1231,"null","null"
2023-04-01 00:00:00.000,For,1769,27178,2668,46809,"null","null"
2023-04-01 00:00:00.000,Against,223,2751,292,3450,"null","null"
2023-04-02 00:00:00.000,Abstain,116,1184,124,1355,"null","null"
2023-04-02 00:00:00.000,For,1495,28673,2236,49045,"null","null"
2023-04-02 00:00:00.000,Against,768,3519,1222,4672,"null","null"
2023-04-03 00:00:00.000,Abstain,90,1274,119,1474,"null","null"
2023-04-03 00:00:00.000,Against,669,4188,1037,5709,"null","null"
2023-04-03 00:00:00.000,For,1009,29682,1529,50574,"null","null"
2023-04-04 00:00:00.000,Abstain,84,1358,93,1567,"null","null"
2023-04-04 00:00:00.000,Against,474,4662,691,6400,"null","null"
2023-04-04 00:00:00.000,For,1014,30696,1349,51923,"null","null"
2023-04-05 00:00:00.000,Abstain,32,1390,34,1601,"null","null"
2023-04-05 00:00:00.000,Against,177,4839,231,6631,"null","null"
2023-04-05 00:00:00.000,For,735,31431,1260,53183,"null","null"
2023-04-06 00:00:00.000,Abstain,66,1456,75,1676,"null","null"
2023-04-06 00:00:00.000,For,415,31846,626,53809,"null","null"
2023-04-06 00:00:00.000,Against,427,5266,730,7361,"null","null"
2023-04-07 00:00:00.000,Abstain,39,1495,44,1720,"null","null"
2023-04-07 00:00:00.000,For,296,32142,434,54243,"null","null"
2023-04-07 00:00:00.000,Against,176,5442,250,7611,"null","null"
2023-04-08 00:00:00.000,Abstain,32,1527,36,1756,"null","null"
2023-04-08 00:00:00.000,For,465,32607,678,54921,"null","null"
2023-04-08 00:00:00.000,Against,139,5581,190,7801,"null","null"
2023-04-09 00:00:00.000,Abstain,23,1550,26,1782,"null","null"
2023-04-09 00:00:00.000,Against,228,5809,319,8120,"null","null"
2023-04-09 00:00:00.000,For,549,33156,862,55783,"null","null"
2023-04-10 00:00:00.000,Abstain,1,1551,2,1784,"null","null"
2023-04-10 00:00:00.000,Against,15,5824,23,8143,"null","null"
2023-04-10 00:00:00.000,For,136,33292,250,56033,"null","null"
2023-06-09 00:00:00.000,Abstain,69,1620,71,1855,"null","null"
2023-06-09 00:00:00.000,For,497,33789,772,56805,"null","null"
2023-06-09 00:00:00.000,Against,38,5862,39,8182,"null","null"
2023-06-10 00:00:00.000,Abstain,1460,3080,1513,3368,"null","null"
2023-06-10 00:00:00.000,Against,494,6356,503,8685,"null","null"
2023-06-10 00:00:00.000,For,9727,43516,13123,69928,"null","null"
2023-06-11 00:00:00.000,For,13365,56881,23791,93719,"null","null"
2023-06-11 00:00:00.000,Abstain,2197,5277,2336,5704,"null","null"
2023-06-11 00:00:00.000,Against,1298,7654,1404,10089,"null","null"
2023-06-12 00:00:00.000,For,8284,65165,15553,109272,"null","null"
2023-06-12 00:00:00.000,Against,816,8470,947,11036,"null","null"
2023-06-12 00:00:00.000,Abstain,1041,6318,1134,6838,"null","null"
2023-06-13 00:00:00.000,Abstain,1078,7396,1170,8008,"null","null"
2023-06-13 00:00:00.000,For,6725,71890,12850,122122,"null","null"
2023-06-13 00:00:00.000,Against,1177,9647,1353,12389,"null","null"
2023-06-14 00:00:00.000,Abstain,744,8140,792,8800,"null","null"
2023-06-14 00:00:00.000,For,6942,78832,13603,135725,"null","null"
2023-06-14 00:00:00.000,Against,1717,11364,2177,14566,"null","null"
2023-06-15 00:00:00.000,Against,1179,12543,1679,16245,"null","null"
2023-06-15 00:00:00.000,Abstain,447,8587,505,9305,"null","null"
2023-06-15 00:00:00.000,For,4713,83545,9257,144982,"null","null"
2023-06-16 00:00:00.000,Against,433,12976,509,16754,"null","null"
2023-06-16 00:00:00.000,Abstain,408,8995,439,9744,"null","null"
2023-06-16 00:00:00.000,For,2415,85960,5194,150176,"null","null"
2023-06-17 00:00:00.000,Against,160,13136,190,16944,"null","null"
2023-06-17 00:00:00.000,For,1715,87675,2967,153143,"null","null"
2023-06-17 00:00:00.000,Abstain,300,9295,334,10078,"null","null"
2023-06-18 00:00:00.000,For,849,88524,1637,154780,"null","null"
2023-06-18 00:00:00.000,Against,74,13210,129,17073,"null","null"
2023-06-18 00:00:00.000,Abstain,182,9477,241,10319,"null","null"
2023-06-19 00:00:00.000,For,1080,89604,2105,156885,"null","null"
2023-06-19 00:00:00.000,Against,159,13369,170,17243,"null","null"
2023-06-19 00:00:00.000,Abstain,193,9670,198,10517,"null","null"
2023-06-20 00:00:00.000,For,1006,90610,2141,159026,"null","null"
2023-06-20 00:00:00.000,Against,89,13458,102,17345,"null","null"
2023-06-20 00:00:00.000,Abstain,140,9810,153,10670,"null","null"
2023-06-21 00:00:00.000,For,815,91425,1691,160717,"null","null"
2023-06-21 00:00:00.000,Against,100,13558,129,17474,"null","null"
2023-06-21 00:00:00.000,Abstain,220,10030,253,10923,"null","null"
2023-06-22 00:00:00.000,Abstain,351,10381,366,11289,"null","null"
2023-06-22 00:00:00.000,Against,180,13738,207,17681,"null","null"
2023-06-22 00:00:00.000,For,1498,92923,2968,163685,"null","null"
2023-06-23 00:00:00.000,Abstain,117,10498,122,11411,"null","null"
2023-06-23 00:00:00.000,For,783,93706,1537,165222,"null","null"
2023-06-23 00:00:00.000,Against,83,13821,96,17777,"null","null"
2023-06-24 00:00:00.000,Abstain,16,10514,16,11427,"null","null"
2023-06-24 00:00:00.000,Against,15,13836,15,17792,"null","null"
2023-06-24 00:00:00.000,For,1377,95083,1377,166599,"null","null"
2023-06-25 00:00:00.000,For,25,95108,25,166624,"null","null"
2023-06-25 00:00:00.000,Abstain,3,10517,3,11430,"null","null"
2023-06-25 00:00:00.000,Against,2,13838,2,17794,"null","null"
2023-07-01 00:00:00.000,For,60,95168,60,166684,"null","null"
2023-07-02 00:00:00.000,For,1283,96451,1283,167967,"null","null"
2023-07-02 00:00:00.000,Against,81,13919,81,17875,"null","null"
2023-07-02 00:00:00.000,Abstain,22,10539,22,11452,"null","null"
2023-07-03 00:00:00.000,Against,68,13987,68,17943,"null","null"
2023-07-03 00:00:00.000,Abstain,54,10593,54,11506,"null","null"
2023-07-03 00:00:00.000,For,1106,97557,1106,169073,"null","null"
2023-07-04 00:00:00.000,Abstain,16,10609,16,11522,"null","null"
2023-07-04 00:00:00.000,Against,18,14005,18,17961,"null","null"
2023-07-04 00:00:00.000,For,802,98359,802,169875,"null","null"
2023-07-05 00:00:00.000,Against,42,14047,42,18003,"null","null"
2023-07-05 00:00:00.000,For,1142,99501,1142,171017,"null","null"
2023-07-05 00:00:00.000,Abstain,22,10631,22,11544,"null","null"
2023-07-06 00:00:00.000,Against,747,14794,747,18750,"null","null"
2023-07-06 00:00:00.000,Abstain,304,10935,304,11848,"null","null"
2023-07-06 00:00:00.000,For,8197,107698,8197,179214,"null","null"
2023-07-07 00:00:00.000,For,6655,114353,6655,185869,"null","null"
2023-07-07 00:00:00.000,Against,684,15478,684,19434,"null","null"
2023-07-07 00:00:00.000,Abstain,254,11189,254,12102,"null","null"
2023-07-08 00:00:00.000,For,4331,118684,4331,190200,"null","null"
2023-07-08 00:00:00.000,Abstain,36,11225,36,12138,"null","null"
2023-07-08 00:00:00.000,Against,210,15688,210,19644,"null","null"
2023-07-09 00:00:00.000,Against,120,15808,120,19764,"null","null"
2023-07-09 00:00:00.000,For,1923,120607,1923,192123,"null","null"
2023-07-09 00:00:00.000,Abstain,29,11254,29,12167,"null","null"
2023-07-10 00:00:00.000,For,1156,121763,1156,193279,"null","null"
2023-07-10 00:00:00.000,Against,36,15844,36,19800,"null","null"
2023-07-10 00:00:00.000,Abstain,19,11273,19,12186,"null","null"
2023-07-11 00:00:00.000,Abstain,5,11278,5,12191,"null","null"
2023-07-11 00:00:00.000,For,770,122533,770,194049,"null","null"
2023-07-11 00:00:00.000,Against,19,15863,19,19819,"null","null"
2023-07-12 00:00:00.000,Against,37,15900,37,19856,"null","null"
2023-07-12 00:00:00.000,For,734,123267,734,194783,"null","null"
2023-07-12 00:00:00.000,Abstain,24,11302,24,12215,"null","null"
2023-07-13 00:00:00.000,Abstain,6,11308,6,12221,"null","null"
2023-07-13 00:00:00.000,For,1169,124436,1169,195952,"null","null"
2023-07-13 00:00:00.000,Against,8,15908,8,19864,"null","null"
2023-07-14 00:00:00.000,For,724,125160,724,196676,"null","null"
2023-07-14 00:00:00.000,Against,7,15915,7,19871,"null","null"
2023-07-14 00:00:00.000,Abstain,17,11325,17,12238,"null","null"
2023-07-15 00:00:00.000,Against,10,15925,10,19881,"null","null"
2023-07-15 00:00:00.000,Abstain,11,11336,11,12249,"null","null"
2023-07-15 00:00:00.000,For,588,125748,588,197264,"null","null"
2023-07-16 00:00:00.000,For,44,125792,44,197308,"null","null"
2023-07-20 00:00:00.000,Against,4,15929,4,19885,"null","null"
2023-07-20 00:00:00.000,For,41,125833,41,197349,"null","null"
2023-07-21 00:00:00.000,Abstain,23,11359,23,12272,"null","null"
2023-07-21 00:00:00.000,For,2927,128760,2927,200276,"null","null"
2023-07-21 00:00:00.000,Against,115,16044,115,20000,"null","null"
2023-07-22 00:00:00.000,Against,64,16108,64,20064,"null","null"
2023-07-22 00:00:00.000,Abstain,24,11383,24,12296,"null","null"
2023-07-22 00:00:00.000,For,2109,130869,2109,202385,"null","null"
2023-07-23 00:00:00.000,For,3383,134252,3383,205768,"null","null"
2023-07-23 00:00:00.000,Abstain,63,11446,63,12359,"null","null"
2023-07-23 00:00:00.000,Against,55,16163,55,20119,"null","null"
2023-07-24 00:00:00.000,Against,126,16289,126,20245,"null","null"
2023-07-24 00:00:00.000,For,2911,137163,2911,208679,"null","null"
2023-07-24 00:00:00.000,Abstain,53,11499,53,12412,"null","null"
2023-07-25 00:00:00.000,For,2453,139616,2453,211132,"null","null"
2023-07-25 00:00:00.000,Abstain,63,11562,63,12475,"null","null"
2023-07-25 00:00:00.000,Against,240,16529,240,20485,"null","null"
2023-07-26 00:00:00.000,Against,330,16859,330,20815,"null","null"
2023-07-26 00:00:00.000,For,3518,143134,3518,214650,"null","null"
2023-07-26 00:00:00.000,Abstain,84,11646,84,12559,"null","null"
2023-07-27 00:00:00.000,Against,620,17479,620,21435,"null","null"
2023-07-27 00:00:00.000,For,2760,145894,2760,217410,"null","null"
2023-07-27 00:00:00.000,Abstain,34,11680,34,12593,"null","null"
2023-07-28 00:00:00.000,For,1487,147381,1487,218897,"null","null"
2023-07-28 00:00:00.000,Abstain,61,11741,61,12654,"null","null"
2023-07-28 00:00:00.000,Against,331,17810,331,21766,"null","null"
2023-07-29 00:00:00.000,For,2159,149540,2159,221056,"null","null"
2023-07-29 00:00:00.000,Abstain,15,11756,15,12669,"null","null"
2023-07-29 00:00:00.000,Against,164,17974,164,21930,"null","null"
2023-07-30 00:00:00.000,Abstain,20,11776,20,12689,"null","null"
2023-07-30 00:00:00.000,For,726,150266,726,221782,"null","null"
2023-07-30 00:00:00.000,Against,47,18021,47,21977,"null","null"
2023-07-31 00:00:00.000,Abstain,26,11802,26,12715,"null","null"
2023-07-31 00:00:00.000,For,996,151262,1044,222826,"null","null"
2023-07-31 00:00:00.000,Against,30,18051,30,22007,"null","null"
2023-08-01 00:00:00.000,For,2782,154044,3047,225873,"null","null"
2023-08-01 00:00:00.000,Against,304,18355,327,22334,"null","null"
2023-08-01 00:00:00.000,Abstain,40,11842,43,12758,"null","null"
2023-08-02 00:00:00.000,For,4513,158557,4929,230802,"null","null"
2023-08-02 00:00:00.000,Abstain,80,11922,82,12840,"null","null"
2023-08-02 00:00:00.000,Against,817,19172,820,23154,"null","null"
2023-08-03 00:00:00.000,Against,166,19338,168,23322,"null","null"
2023-08-03 00:00:00.000,Abstain,65,11987,70,12910,"null","null"
2023-08-03 00:00:00.000,For,3427,161984,4411,235213,"null","null"
2023-08-04 00:00:00.000,For,3435,165419,4119,239332,"null","null"
2023-08-04 00:00:00.000,Against,173,19511,174,23496,"null","null"
2023-08-04 00:00:00.000,Abstain,34,12021,45,12955,"null","null"
2023-08-05 00:00:00.000,Abstain,110,12131,116,13071,"null","null"
2023-08-05 00:00:00.000,Against,421,19932,452,23948,"null","null"
2023-08-05 00:00:00.000,For,4689,170108,5768,245100,"null","null"
2023-08-06 00:00:00.000,For,3991,174099,4929,250029,"null","null"
2023-08-06 00:00:00.000,Abstain,82,12213,99,13170,"null","null"
2023-08-06 00:00:00.000,Against,307,20239,330,24278,"null","null"
2023-08-07 00:00:00.000,For,5860,179959,9001,259030,"null","null"
2023-08-07 00:00:00.000,Abstain,262,12475,302,13472,"null","null"
2023-08-07 00:00:00.000,Against,608,20847,636,24914,"null","null"
2023-08-08 00:00:00.000,Against,456,21303,466,25380,"null","null"
2023-08-08 00:00:00.000,For,4372,184331,6525,265555,"null","null"
2023-08-08 00:00:00.000,Abstain,148,12623,160,13632,"null","null"
2023-08-09 00:00:00.000,Abstain,119,12742,135,13767,"null","null"
2023-08-09 00:00:00.000,Against,203,21506,210,25590,"null","null"
2023-08-09 00:00:00.000,For,4203,188534,6396,271951,"null","null"
2023-08-10 00:00:00.000,For,3225,191759,5236,277187,"null","null"
2023-08-10 00:00:00.000,Against,222,21728,245,25835,"null","null"
2023-08-10 00:00:00.000,Abstain,76,12818,80,13847,"null","null"
2023-08-11 00:00:00.000,For,2108,193867,3343,280530,"null","null"
2023-08-11 00:00:00.000,Against,168,21896,171,26006,"null","null"
2023-08-11 00:00:00.000,Abstain,87,12905,89,13936,"null","null"
2023-08-12 00:00:00.000,Abstain,84,12989,93,14029,"null","null"
2023-08-12 00:00:00.000,For,1436,195303,2318,282848,"null","null"
2023-08-12 00:00:00.000,Against,212,22108,221,26227,"null","null"
2023-08-13 00:00:00.000,For,1432,196735,2251,285099,"null","null"
2023-08-13 00:00:00.000,Against,297,22405,303,26530,"null","null"
2023-08-13 00:00:00.000,Abstain,51,13040,60,14089,"null","null"
2023-08-14 00:00:00.000,For,906,197641,1416,286515,"null","null"
2023-08-14 00:00:00.000,Abstain,33,13073,38,14127,"null","null"
2023-08-14 00:00:00.000,Against,104,22509,108,26638,"null","null"
2023-08-15 00:00:00.000,Against,208,22717,208,26846,"null","null"
2023-08-15 00:00:00.000,Abstain,54,13127,54,14181,"null","null"
2023-08-15 00:00:00.000,For,719,198360,719,287234,"null","null"
2023-08-16 00:00:00.000,For,701,199061,701,287935,"null","null"
2023-08-16 00:00:00.000,Against,4,22721,4,26850,"null","null"
2023-08-16 00:00:00.000,Abstain,5,13132,5,14186,"null","null"
2023-08-17 00:00:00.000,Against,15,22736,15,26865,"null","null"
2023-08-17 00:00:00.000,Abstain,10,13142,10,14196,"null","null"
2023-08-17 00:00:00.000,For,523,199584,523,288458,"null","null"
2023-08-18 00:00:00.000,Abstain,24,13166,24,14220,"null","null"
2023-08-18 00:00:00.000,Against,16,22752,16,26881,"null","null"
2023-08-18 00:00:00.000,For,543,200127,543,289001,"null","null"
2023-08-20 00:00:00.000,Against,16,22768,16,26897,"null","null"
2023-08-20 00:00:00.000,For,204,200331,204,289205,"null","null"
2023-08-20 00:00:00.000,Abstain,1,13167,1,14221,"null","null"
2023-08-21 00:00:00.000,Against,342,23110,342,27239,"null","null"
2023-08-21 00:00:00.000,For,2956,203287,2956,292161,"null","null"
2023-08-21 00:00:00.000,Abstain,56,13223,56,14277,"null","null"
2023-08-22 00:00:00.000,Against,451,23561,451,27690,"null","null"
2023-08-22 00:00:00.000,For,5442,208729,5442,297603,"null","null"
2023-08-22 00:00:00.000,Abstain,97,13320,97,14374,"null","null"
2023-08-23 00:00:00.000,Against,202,23763,202,27892,"null","null"
2023-08-23 00:00:00.000,Abstain,88,13408,88,14462,"null","null"
2023-08-23 00:00:00.000,For,2889,211618,2889,300492,"null","null"
2023-08-24 00:00:00.000,For,3045,214663,3228,303720,"null","null"
2023-08-24 00:00:00.000,Abstain,46,13454,46,14508,"null","null"
2023-08-24 00:00:00.000,Against,207,23970,209,28101,"null","null"
2023-08-25 00:00:00.000,Abstain,100,13554,104,14612,"null","null"
2023-08-25 00:00:00.000,Against,453,24423,454,28555,"null","null"
2023-08-25 00:00:00.000,For,3397,218060,4596,308316,"null","null"
2023-08-26 00:00:00.000,Against,350,24773,358,28913,"null","null"
2023-08-26 00:00:00.000,For,4395,222455,6594,314910,"null","null"
2023-08-26 00:00:00.000,Abstain,146,13700,157,14769,"null","null"
2023-08-27 00:00:00.000,Against,87,24860,92,29005,"null","null"
2023-08-27 00:00:00.000,Abstain,38,13738,38,14807,"null","null"
2023-08-27 00:00:00.000,For,2368,224823,3178,318088,"null","null"
2023-08-28 00:00:00.000,Against,200,25060,215,29220,"null","null"
2023-08-28 00:00:00.000,For,1854,226677,2558,320646,"null","null"
2023-08-28 00:00:00.000,Abstain,33,13771,36,14843,"null","null"
2023-08-29 00:00:00.000,For,1668,228345,2522,323168,"null","null"
2023-08-29 00:00:00.000,Abstain,22,13793,24,14867,"null","null"
2023-08-29 00:00:00.000,Against,128,25188,142,29362,"null","null"
2023-08-30 00:00:00.000,For,1125,229470,1701,324869,"null","null"
2023-08-30 00:00:00.000,Abstain,12,13805,13,14880,"null","null"
2023-08-30 00:00:00.000,Against,61,25249,63,29425,"null","null"
2023-08-31 00:00:00.000,For,685,230155,1008,325877,"null","null"
2023-08-31 00:00:00.000,Abstain,9,13814,9,14889,"null","null"
2023-08-31 00:00:00.000,Against,65,25314,66,29491,"null","null"
2023-09-01 00:00:00.000,For,815,230970,1296,327173,"null","null"
2023-09-01 00:00:00.000,Against,108,25422,111,29602,"null","null"
2023-09-01 00:00:00.000,Abstain,21,13835,21,14910,"null","null"
2023-09-02 00:00:00.000,Abstain,6,13841,7,14917,"null","null"
2023-09-02 00:00:00.000,Against,16,25438,17,29619,"null","null"
2023-09-02 00:00:00.000,For,482,231452,753,327926,"null","null"
2023-09-03 00:00:00.000,For,573,232025,927,328853,"null","null"
2023-09-03 00:00:00.000,Abstain,24,13865,25,14942,"null","null"
2023-09-03 00:00:00.000,Against,29,25467,30,29649,"null","null"
2023-09-04 00:00:00.000,Abstain,10,13875,10,14952,"null","null"
2023-09-04 00:00:00.000,For,433,232458,433,329286,"null","null"
2023-09-04 00:00:00.000,Against,175,25642,175,29824,"null","null"
2023-09-05 00:00:00.000,For,789,233247,789,330075,"null","null"
2023-09-05 00:00:00.000,Abstain,39,13914,39,14991,"null","null"
2023-09-05 00:00:00.000,Against,127,25769,127,29951,"null","null"
2023-09-06 00:00:00.000,Abstain,142,14056,142,15133,"null","null"
2023-09-06 00:00:00.000,For,498,233745,498,330573,"null","null"
2023-09-06 00:00:00.000,Against,37,25806,37,29988,"null","null"
2023-09-07 00:00:00.000,Against,8,25814,8,29996,"null","null"
2023-09-07 00:00:00.000,Abstain,7,14063,7,15140,"null","null"
2023-09-07 00:00:00.000,For,325,234070,325,330898,"null","null"
2023-09-18 00:00:00.000,For,143,234213,143,331041,"null","null"
2023-09-18 00:00:00.000,Abstain,33,14096,33,15173,"null","null"
2023-09-18 00:00:00.000,Against,5,25819,5,30001,"null","null"
2023-09-19 00:00:00.000,For,5614,239827,5614,336655,"null","null"
2023-09-19 00:00:00.000,Against,432,26251,432,30433,"null","null"
2023-09-19 00:00:00.000,Abstain,146,14242,146,15319,"null","null"
2023-09-20 00:00:00.000,Abstain,288,14530,288,15607,"null","null"
2023-09-20 00:00:00.000,Against,533,26784,533,30966,"null","null"
2023-09-20 00:00:00.000,For,9227,249054,9227,345882,"null","null"
2023-09-21 00:00:00.000,For,4937,253991,4937,350819,"null","null"
2023-09-21 00:00:00.000,Abstain,197,14727,197,15804,"null","null"
2023-09-21 00:00:00.000,Against,379,27163,379,31345,"null","null"
2023-09-22 00:00:00.000,Against,376,27539,376,31721,"null","null"
2023-09-22 00:00:00.000,For,3568,257559,3568,354387,"null","null"
2023-09-22 00:00:00.000,Abstain,122,14849,122,15926,"null","null"
2023-09-23 00:00:00.000,Abstain,39,14888,39,15965,"null","null"
2023-09-23 00:00:00.000,For,2065,259624,2065,356452,"null","null"
2023-09-23 00:00:00.000,Against,192,27731,192,31913,"null","null"
2023-09-24 00:00:00.000,For,1102,260726,1102,357554,"null","null"
2023-09-24 00:00:00.000,Against,66,27797,66,31979,"null","null"
2023-09-24 00:00:00.000,Abstain,39,14927,39,16004,"null","null"
2023-09-25 00:00:00.000,Against,67,27864,67,32046,"null","null"
2023-09-25 00:00:00.000,Abstain,18,14945,18,16022,"null","null"
2023-09-25 00:00:00.000,For,1843,262569,1851,359405,"null","null"
2023-09-26 00:00:00.000,For,5430,267999,6432,365837,"null","null"
2023-09-26 00:00:00.000,Abstain,215,15160,236,16258,"null","null"
2023-09-26 00:00:00.000,Against,335,28199,357,32403,"null","null"
2023-09-27 00:00:00.000,For,4707,272706,5612,371449,"null","null"
2023-09-27 00:00:00.000,Against,611,28810,626,33029,"null","null"
2023-09-27 00:00:00.000,Abstain,276,15436,301,16559,"null","null"
2023-09-28 00:00:00.000,Abstain,78,15514,79,16638,"null","null"
2023-09-28 00:00:00.000,Against,203,29013,210,33239,"null","null"
2023-09-28 00:00:00.000,For,3367,276073,4386,375835,"null","null"
2023-09-29 00:00:00.000,Against,140,29153,140,33379,"null","null"
2023-09-29 00:00:00.000,For,3380,279453,4724,380559,"null","null"
2023-09-29 00:00:00.000,Abstain,66,15580,70,16708,"null","null"
2023-09-30 00:00:00.000,Abstain,80,15660,90,16798,"null","null"
2023-09-30 00:00:00.000,For,2911,282364,3883,384442,"null","null"
2023-09-30 00:00:00.000,Against,250,29403,270,33649,"null","null"
2023-10-01 00:00:00.000,Against,185,29588,195,33844,"null","null"
2023-10-01 00:00:00.000,For,1602,283966,2173,386615,"null","null"
2023-10-01 00:00:00.000,Abstain,82,15742,90,16888,"null","null"
2023-10-02 00:00:00.000,For,1166,285132,1579,388194,"null","null"
2023-10-02 00:00:00.000,Against,308,29896,309,34153,"null","null"
2023-10-02 00:00:00.000,Abstain,50,15792,62,16950,"null","null"
2023-10-03 00:00:00.000,Abstain,27,15819,27,16977,"null","null"
2023-10-03 00:00:00.000,Against,97,29993,97,34250,"null","null"
2023-10-03 00:00:00.000,For,1257,286389,1257,389451,"null","null"
2023-10-04 00:00:00.000,Against,24,30017,24,34274,"null","null"
2023-10-04 00:00:00.000,Abstain,6,15825,6,16983,"null","null"
2023-10-04 00:00:00.000,For,1035,287424,1035,390486,"null","null"
2023-10-05 00:00:00.000,Abstain,12,15837,12,16995,"null","null"
2023-10-05 00:00:00.000,For,658,288082,658,391144,"null","null"
2023-10-05 00:00:00.000,Against,18,30035,18,34292,"null","null"
2023-10-06 00:00:00.000,Abstain,10,15847,10,17005,"null","null"
2023-10-06 00:00:00.000,Against,11,30046,11,34303,"null","null"
2023-10-06 00:00:00.000,For,557,288639,557,391701,"null","null"
2023-10-07 00:00:00.000,For,764,289403,764,392465,"null","null"
2023-10-07 00:00:00.000,Against,38,30084,38,34341,"null","null"
2023-10-07 00:00:00.000,Abstain,5,15852,5,17010,"null","null"
2023-10-08 00:00:00.000,For,587,289990,587,393052,"null","null"
2023-10-08 00:00:00.000,Against,17,30101,17,34358,"null","null"
2023-10-08 00:00:00.000,Abstain,7,15859,7,17017,"null","null"
2023-10-09 00:00:00.000,Against,9,30110,9,34367,"null","null"
2023-10-09 00:00:00.000,For,622,290612,622,393674,"null","null"
2023-10-09 00:00:00.000,Abstain,5,15864,5,17022,"null","null"
2023-10-10 00:00:00.000,For,37,290649,37,393711,"null","null"
2023-11-18 00:00:00.000,For,1,290650,1,393712,"null","null"
2023-11-19 00:00:00.000,For,247,290897,247,393959,"null","null"
2023-11-19 00:00:00.000,Against,166,30276,166,34533,"null","null"
2023-11-19 00:00:00.000,Abstain,4,15868,4,17026,"null","null"
2023-11-20 00:00:00.000,For,513,291410,551,394510,"null","null"
2023-11-20 00:00:00.000,Abstain,41,15909,41,17067,"null","null"
2023-11-20 00:00:00.000,Against,358,30634,361,34894,"null","null"
2023-11-21 00:00:00.000,For,1944,293354,2386,396896,"null","null"
2023-11-21 00:00:00.000,Against,976,31610,987,35881,"null","null"
2023-11-21 00:00:00.000,Abstain,57,15966,58,17125,"null","null"
2023-11-22 00:00:00.000,Against,3388,34998,4234,40115,"null","null"
2023-11-22 00:00:00.000,Abstain,142,16108,158,17283,"null","null"
2023-11-22 00:00:00.000,For,4315,297669,5682,402578,"null","null"
2023-11-23 00:00:00.000,Abstain,214,16322,244,17527,"null","null"
2023-11-23 00:00:00.000,Against,1494,36492,1718,41833,"null","null"
2023-11-23 00:00:00.000,For,4231,301900,6777,409355,"null","null"
2023-11-24 00:00:00.000,Abstain,180,16502,204,17731,"null","null"
2023-11-24 00:00:00.000,For,2209,304109,3667,413022,"null","null"
2023-11-24 00:00:00.000,Against,598,37090,690,42523,"null","null"
2023-11-25 00:00:00.000,For,2959,307068,4672,417694,"null","null"
2023-11-25 00:00:00.000,Abstain,176,16678,196,17927,"null","null"
2023-11-25 00:00:00.000,Against,646,37736,783,43306,"null","null"
2023-11-26 00:00:00.000,Abstain,189,16867,204,18131,"null","null"
2023-11-26 00:00:00.000,Against,715,38451,889,44195,"null","null"
2023-11-26 00:00:00.000,For,2435,309503,3839,421533,"null","null"
2023-11-27 00:00:00.000,Against,233,38684,261,44456,"null","null"
2023-11-27 00:00:00.000,Abstain,104,16971,126,18257,"null","null"
2023-11-27 00:00:00.000,For,1285,310788,1783,423316,"null","null"
2023-11-28 00:00:00.000,Abstain,77,17048,85,18342,"null","null"
2023-11-28 00:00:00.000,For,1053,311841,1755,425071,"null","null"
2023-11-28 00:00:00.000,Against,148,38832,177,44633,"null","null"
2023-11-29 00:00:00.000,For,658,312499,1074,426145,"null","null"
2023-11-29 00:00:00.000,Against,100,38932,120,44753,"null","null"
2023-11-29 00:00:00.000,Abstain,46,17094,50,18392,"null","null"
2023-11-30 00:00:00.000,Abstain,57,17151,59,18451,"null","null"
2023-11-30 00:00:00.000,For,1068,313567,1488,427633,"null","null"
2023-11-30 00:00:00.000,Against,318,39250,405,45158,"null","null"
2023-12-01 00:00:00.000,Abstain,95,17246,99,18550,"null","null"
2023-12-01 00:00:00.000,For,464,314031,618,428251,"null","null"
2023-12-01 00:00:00.000,Against,365,39615,556,45714,"null","null"
2023-12-02 00:00:00.000,Against,350,39965,373,46087,"null","null"
2023-12-02 00:00:00.000,For,707,314738,914,429165,"null","null"
2023-12-02 00:00:00.000,Abstain,40,17286,43,18593,"null","null"
2023-12-03 00:00:00.000,Abstain,28,17314,28,18621,"null","null"
2023-12-03 00:00:00.000,For,419,315157,419,429584,"null","null"
2023-12-03 00:00:00.000,Against,382,40347,382,46469,"null","null"
2023-12-04 00:00:00.000,For,122,315279,122,429706,"null","null"
2023-12-04 00:00:00.000,Abstain,17,17331,17,18638,"null","null"
2023-12-04 00:00:00.000,Against,128,40475,128,46597,"null","null"
2023-12-25 00:00:00.000,For,1169,316448,1169,430875,"null","null"
2023-12-25 00:00:00.000,Abstain,11,17342,11,18649,"null","null"
2023-12-25 00:00:00.000,Against,35,40510,35,46632,"null","null"
2023-12-26 00:00:00.000,Abstain,15,17357,15,18664,"null","null"
2023-12-26 00:00:00.000,Against,31,40541,31,46663,"null","null"
2023-12-26 00:00:00.000,For,1045,317493,1045,431920,"null","null"
2023-12-27 00:00:00.000,Abstain,824,18181,824,19488,"null","null"
2023-12-27 00:00:00.000,For,3348,320841,3348,435268,"null","null"
2023-12-27 00:00:00.000,Against,839,41380,839,47502,"null","null"
2023-12-28 00:00:00.000,For,4094,324935,4094,439362,"null","null"
2023-12-28 00:00:00.000,Against,745,42125,745,48247,"null","null"
2023-12-28 00:00:00.000,Abstain,537,18718,537,20025,"null","null"
2023-12-29 00:00:00.000,Against,352,42477,352,48599,"null","null"
2023-12-29 00:00:00.000,Abstain,241,18959,241,20266,"null","null"
2023-12-29 00:00:00.000,For,1750,326685,1750,441112,"null","null"
2023-12-30 00:00:00.000,For,1256,327941,1256,442368,"null","null"
2023-12-30 00:00:00.000,Abstain,54,19013,54,20320,"null","null"
2023-12-30 00:00:00.000,Against,182,42659,182,48781,"null","null"
2023-12-31 00:00:00.000,Against,40,42699,40,48821,"null","null"
2023-12-31 00:00:00.000,Abstain,26,19039,26,20346,"null","null"
2023-12-31 00:00:00.000,For,521,328462,521,442889,"null","null"
2024-01-01 00:00:00.000,Abstain,26,19065,26,20372,"null","null"
2024-01-01 00:00:00.000,Against,31,42730,31,48852,"null","null"
2024-01-01 00:00:00.000,For,969,329431,969,443858,"null","null"
2024-01-02 00:00:00.000,For,919,330350,919,444777,"null","null"
2024-01-02 00:00:00.000,Against,72,42802,72,48924,"null","null"
2024-01-02 00:00:00.000,Abstain,14,19079,14,20386,"null","null"
2024-01-03 00:00:00.000,For,754,331104,754,445531,"null","null"
2024-01-03 00:00:00.000,Against,53,42855,53,48977,"null","null"
2024-01-03 00:00:00.000,Abstain,18,19097,18,20404,"null","null"
2024-01-04 00:00:00.000,Against,123,42978,123,49100,"null","null"
2024-01-04 00:00:00.000,Abstain,7,19104,7,20411,"null","null"
2024-01-04 00:00:00.000,For,795,331899,795,446326,"null","null"
2024-01-05 00:00:00.000,For,445,332344,445,446771,"null","null"
2024-01-05 00:00:00.000,Abstain,7,19111,7,20418,"null","null"
2024-01-05 00:00:00.000,Against,56,43034,56,49156,"null","null"
2024-01-06 00:00:00.000,Against,25,43059,26,49182,"null","null"
2024-01-06 00:00:00.000,Abstain,25,19136,28,20446,"null","null"
2024-01-06 00:00:00.000,For,655,332999,798,447569,"null","null"
2024-01-07 00:00:00.000,For,741,333740,1222,448791,"null","null"
2024-01-07 00:00:00.000,Against,24,43083,32,49214,"null","null"
2024-01-07 00:00:00.000,Abstain,16,19152,20,20466,"null","null"
2024-01-08 00:00:00.000,Abstain,38,19190,45,20511,"null","null"
2024-01-08 00:00:00.000,Against,29,43112,48,49262,"null","null"
2024-01-08 00:00:00.000,For,540,334280,1281,450072,"null","null"
2024-01-09 00:00:00.000,For,2242,336522,4278,454350,"null","null"
2024-01-09 00:00:00.000,Against,534,43646,940,50202,"null","null"
2024-01-09 00:00:00.000,Abstain,218,19408,268,20779,"null","null"
2024-01-10 00:00:00.000,For,2743,339265,4953,459303,"null","null"
2024-01-10 00:00:00.000,Abstain,587,19995,604,21383,"null","null"
2024-01-10 00:00:00.000,Against,1154,44800,1383,51585,"null","null"
2024-01-11 00:00:00.000,Abstain,163,20158,192,21575,"null","null"
2024-01-11 00:00:00.000,For,1550,340815,2097,461400,"null","null"
2024-01-11 00:00:00.000,Against,675,45475,894,52479,"null","null"
2024-01-12 00:00:00.000,Abstain,476,20634,483,22058,"null","null"
2024-01-12 00:00:00.000,For,1651,342466,2226,463626,"null","null"
2024-01-12 00:00:00.000,Against,1013,46488,1133,53612,"null","null"
2024-01-13 00:00:00.000,For,2986,345452,4072,467698,"null","null"
2024-01-13 00:00:00.000,Abstain,797,21431,834,22892,"null","null"
2024-01-13 00:00:00.000,Against,1523,48011,1708,55320,"null","null"
2024-01-14 00:00:00.000,Against,861,48872,993,56313,"null","null"
2024-01-14 00:00:00.000,For,1518,346970,2080,469778,"null","null"
2024-01-14 00:00:00.000,Abstain,460,21891,466,23358,"null","null"
2024-01-15 00:00:00.000,Against,519,49391,653,56966,"null","null"
2024-01-15 00:00:00.000,For,1238,348208,1798,471576,"null","null"
2024-01-15 00:00:00.000,Abstain,57,21948,67,23425,"null","null"
2024-01-16 00:00:00.000,Against,137,49528,172,57138,"null","null"
2024-01-16 00:00:00.000,Abstain,102,22050,103,23528,"null","null"
2024-01-16 00:00:00.000,For,985,349193,1354,472930,"null","null"
2024-01-17 00:00:00.000,Against,124,49652,153,57291,"null","null"
2024-01-17 00:00:00.000,For,438,349631,786,473716,"null","null"
2024-01-17 00:00:00.000,Abstain,38,22088,41,23569,"null","null"
2024-01-18 00:00:00.000,Abstain,50,22138,51,23620,"null","null"
2024-01-18 00:00:00.000,For,463,350094,1013,474729,"null","null"
2024-01-18 00:00:00.000,Against,131,49783,248,57539,"null","null"
2024-01-19 00:00:00.000,For,567,350661,1146,475875,"null","null"
2024-01-19 00:00:00.000,Against,153,49936,456,57995,"null","null"
2024-01-19 00:00:00.000,Abstain,43,22181,49,23669,"null","null"
2024-01-20 00:00:00.000,Abstain,522,22703,526,24195,"null","null"
2024-01-20 00:00:00.000,For,1408,352069,2023,477898,"null","null"
2024-01-20 00:00:00.000,Against,618,50554,724,58719,"null","null"
2024-01-21 00:00:00.000,Abstain,76,22779,85,24280,"null","null"
2024-01-21 00:00:00.000,For,1035,353104,1874,479772,"null","null"
2024-01-21 00:00:00.000,Against,347,50901,568,59287,"null","null"
2024-01-22 00:00:00.000,Against,315,51216,368,59655,"null","null"
2024-01-22 00:00:00.000,Abstain,71,22850,81,24361,"null","null"
2024-01-22 00:00:00.000,For,1519,354623,2118,481890,"null","null"
2024-01-23 00:00:00.000,Against,63,51279,64,59719,"null","null"
2024-01-23 00:00:00.000,For,842,355465,970,482860,"null","null"
2024-01-23 00:00:00.000,Abstain,23,22873,24,24385,"null","null"
2024-01-24 00:00:00.000,Abstain,16,22889,16,24401,"null","null"
2024-01-24 00:00:00.000,Against,21,51300,21,59740,"null","null"
2024-01-24 00:00:00.000,For,795,356260,795,483655,"null","null"
2024-01-25 00:00:00.000,Abstain,16,22905,16,24417,"null","null"
2024-01-25 00:00:00.000,For,494,356754,494,484149,"null","null"
2024-01-25 00:00:00.000,Against,13,51313,13,59753,"null","null"
2024-01-26 00:00:00.000,Against,9,51322,9,59762,"null","null"
2024-01-26 00:00:00.000,For,388,357142,388,484537,"null","null"
2024-01-26 00:00:00.000,Abstain,8,22913,8,24425,"null","null"
2024-01-27 00:00:00.000,Against,9,51331,9,59771,"null","null"
2024-01-27 00:00:00.000,For,536,357678,536,485073,"null","null"
2024-01-27 00:00:00.000,Abstain,9,22922,9,24434,"null","null"
2024-01-28 00:00:00.000,Abstain,1413,24335,1413,25847,"null","null"
2024-01-28 00:00:00.000,Against,1412,52743,1412,61183,"null","null"
2024-01-28 00:00:00.000,For,1618,359296,1618,486691,"null","null"
2024-01-29 00:00:00.000,Against,41,52784,41,61224,"null","null"
2024-01-29 00:00:00.000,Abstain,40,24375,40,25887,"null","null"
2024-01-29 00:00:00.000,For,575,359871,575,487266,"null","null"
2024-01-30 00:00:00.000,For,1197,361068,1197,488463,"null","null"
2024-01-30 00:00:00.000,Against,20,52804,20,61244,"null","null"
2024-01-30 00:00:00.000,Abstain,37,24412,37,25924,"null","null"
2024-01-31 00:00:00.000,For,458,361526,458,488921,"null","null"
2024-01-31 00:00:00.000,Abstain,17,24429,17,25941,"null","null"
2024-01-31 00:00:00.000,Against,26,52830,26,61270,"null","null"
2024-02-01 00:00:00.000,Against,21,52851,21,61291,"null","null"
2024-02-01 00:00:00.000,For,270,361796,270,489191,"null","null"
2024-02-01 00:00:00.000,Abstain,34,24463,34,25975,"null","null"
2024-02-02 00:00:00.000,Against,32,52883,32,61323,"null","null"
2024-02-02 00:00:00.000,For,909,362705,909,490100,"null","null"
2024-02-02 00:00:00.000,Abstain,37,24500,37,26012,"null","null"
2024-02-03 00:00:00.000,Abstain,6,24506,6,26018,"null","null"
2024-02-03 00:00:00.000,Against,7,52890,7,61330,"null","null"
2024-02-03 00:00:00.000,For,299,363004,299,490399,"null","null"
2024-02-04 00:00:00.000,Abstain,72,24578,83,26101,"null","null"
2024-02-04 00:00:00.000,Against,311,53201,317,61647,"null","null"
2024-02-04 00:00:00.000,For,1872,364876,2486,492885,"null","null"
2024-02-05 00:00:00.000,Against,127,53328,127,61774,"null","null"
2024-02-05 00:00:00.000,Abstain,29,24607,29,26130,"null","null"
2024-02-05 00:00:00.000,For,1627,366503,1627,494512,"null","null"
2024-02-06 00:00:00.000,For,697,367200,697,495209,"null","null"
2024-02-06 00:00:00.000,Abstain,20,24627,20,26150,"null","null"
2024-02-06 00:00:00.000,Against,29,53357,29,61803,"null","null"
2024-02-07 00:00:00.000,Against,32,53389,32,61835,"null","null"
2024-02-07 00:00:00.000,Abstain,10,24637,10,26160,"null","null"
2024-02-07 00:00:00.000,For,507,367707,507,495716,"null","null"
2024-02-08 00:00:00.000,For,267,367974,267,495983,"null","null"
2024-02-08 00:00:00.000,Abstain,3,24640,3,26163,"null","null"
2024-02-08 00:00:00.000,Against,27,53416,27,61862,"null","null"
2024-02-09 00:00:00.000,Abstain,3,24643,3,26166,"null","null"
2024-02-09 00:00:00.000,Against,23,53439,23,61885,"null","null"
2024-02-09 00:00:00.000,For,140,368114,140,496123,"null","null"
2024-02-10 00:00:00.000,For,345,368459,379,496502,"null","null"
2024-02-10 00:00:00.000,Against,32,53471,32,61917,"null","null"
2024-02-10 00:00:00.000,Abstain,2,24645,2,26168,"null","null"
2024-02-11 00:00:00.000,Against,1344,54815,1344,63261,"null","null"
2024-02-11 00:00:00.000,For,2321,370780,2610,499112,"null","null"
2024-02-11 00:00:00.000,Abstain,1371,26016,1371,27539,"null","null"
2024-02-12 00:00:00.000,Abstain,44,26060,46,27585,"null","null"
2024-02-12 00:00:00.000,Against,85,54900,88,63349,"null","null"
2024-02-12 00:00:00.000,For,833,371613,1128,500240,"null","null"
2024-02-13 00:00:00.000,Abstain,32,26092,35,27620,"null","null"
2024-02-13 00:00:00.000,For,990,372603,1405,501645,"null","null"
2024-02-13 00:00:00.000,Against,79,54979,84,63433,"null","null"
2024-02-14 00:00:00.000,For,855,373458,1098,502743,"null","null"
2024-02-14 00:00:00.000,Abstain,86,26178,86,27706,"null","null"
2024-02-14 00:00:00.000,Against,131,55110,131,63564,"null","null"
2024-02-15 00:00:00.000,Against,115,55225,117,63681,"null","null"
2024-02-15 00:00:00.000,Abstain,47,26225,49,27755,"null","null"
2024-02-15 00:00:00.000,For,1015,374473,1605,504348,"null","null"
2024-02-16 00:00:00.000,Abstain,38,26263,41,27796,"null","null"
2024-02-16 00:00:00.000,For,724,375197,1051,505399,"null","null"
2024-02-16 00:00:00.000,Against,64,55289,66,63747,"null","null"
2024-02-17 00:00:00.000,For,2326,377523,3556,508955,"null","null"
2024-02-17 00:00:00.000,Abstain,838,27101,848,28644,"null","null"
2024-02-17 00:00:00.000,Against,952,56241,957,64704,"null","null"
2024-02-18 00:00:00.000,For,1982,379505,2818,511773,"null","null"
2024-02-18 00:00:00.000,Against,645,56886,650,65354,"null","null"
2024-02-18 00:00:00.000,Abstain,622,27723,624,29268,"null","null"
2024-02-19 00:00:00.000,Abstain,10,27733,10,29278,"null","null"
2024-02-19 00:00:00.000,For,517,380022,731,512504,"null","null"
2024-02-19 00:00:00.000,Against,24,56910,25,65379,"null","null"
2024-02-20 00:00:00.000,For,392,380414,589,513093,"null","null"
2024-02-20 00:00:00.000,Against,19,56929,20,65399,"null","null"
2024-02-20 00:00:00.000,Abstain,7,27740,7,29285,"null","null"
2024-02-21 00:00:00.000,Against,20,56949,20,65419,"null","null"
2024-02-21 00:00:00.000,Abstain,3,27743,3,29288,"null","null"
2024-02-21 00:00:00.000,For,319,380733,413,513506,"null","null"
2024-02-22 00:00:00.000,Abstain,4,27747,5,29293,"null","null"
2024-02-22 00:00:00.000,Against,6,56955,7,65426,"null","null"
2024-02-22 00:00:00.000,For,302,381035,494,514000,"null","null"
2024-02-23 00:00:00.000,Abstain,53,27800,53,29346,"null","null"
2024-02-23 00:00:00.000,Against,55,57010,55,65481,"null","null"
2024-02-23 00:00:00.000,For,303,381338,446,514446,"null","null"
2024-02-24 00:00:00.000,Against,79,57089,79,65560,"null","null"
2024-02-24 00:00:00.000,For,534,381872,792,515238,"null","null"
2024-02-24 00:00:00.000,Abstain,83,27883,87,29433,"null","null"
2024-02-25 00:00:00.000,Abstain,31,27914,31,29464,"null","null"
2024-02-25 00:00:00.000,For,380,382252,408,515646,"null","null"
2024-02-25 00:00:00.000,Against,23,57112,23,65583,"null","null"
2024-02-26 00:00:00.000,Abstain,28,27942,28,29492,"null","null"
2024-02-26 00:00:00.000,Against,20,57132,20,65603,"null","null"
2024-02-26 00:00:00.000,For,269,382521,269,515915,"null","null"
2024-02-27 00:00:00.000,Abstain,12,27954,12,29504,"null","null"
2024-02-27 00:00:00.000,Against,25,57157,25,65628,"null","null"
2024-02-27 00:00:00.000,For,361,382882,361,516276,"null","null"
2024-02-28 00:00:00.000,For,203,383085,203,516479,"null","null"
2024-02-28 00:00:00.000,Against,36,57193,36,65664,"null","null"
2024-02-28 00:00:00.000,Abstain,15,27969,15,29519,"null","null"
2024-02-29 00:00:00.000,For,64,383149,64,516543,"null","null"
2024-02-29 00:00:00.000,Abstain,1,27970,1,29520,"null","null"
2024-02-29 00:00:00.000,Against,1,57194,1,65665,"null","null"
2024-03-01 00:00:00.000,Abstain,6,27976,6,29526,"null","null"
2024-03-01 00:00:00.000,Against,11,57205,11,65676,"null","null"
2024-03-01 00:00:00.000,For,236,383385,236,516779,"null","null"
2024-03-02 00:00:00.000,For,12,383397,12,516791,"null","null"
2024-03-02 00:00:00.000,Against,3,57208,3,65679,"null","null"
2024-03-12 00:00:00.000,Against,1,57209,1,65680,"null","null"
2024-03-12 00:00:00.000,For,27,383424,27,516818,"null","null"
2024-03-12 00:00:00.000,Abstain,1,27977,1,29527,"null","null"
2024-03-13 00:00:00.000,For,344,383768,344,517162,"null","null"
2024-03-13 00:00:00.000,Against,17,57226,17,65697,"null","null"
2024-03-13 00:00:00.000,Abstain,7,27984,7,29534,"null","null"
2024-03-14 00:00:00.000,Abstain,13,27997,13,29547,"null","null"
2024-03-14 00:00:00.000,Against,32,57258,32,65729,"null","null"
2024-03-14 00:00:00.000,For,383,384151,383,517545,"null","null"
2024-03-15 00:00:00.000,Against,39,57297,39,65768,"null","null"
2024-03-15 00:00:00.000,Abstain,10,28007,10,29557,"null","null"
2024-03-15 00:00:00.000,For,687,384838,687,518232,"null","null"
2024-03-16 00:00:00.000,Against,23,57320,23,65791,"null","null"
2024-03-16 00:00:00.000,Abstain,2,28009,2,29559,"null","null"
2024-03-16 00:00:00.000,For,537,385375,537,518769,"null","null"
2024-03-17 00:00:00.000,Abstain,4,28013,4,29563,"null","null"
2024-03-17 00:00:00.000,Against,11,57331,11,65802,"null","null"
2024-03-17 00:00:00.000,For,308,385683,308,519077,"null","null"
2024-03-18 00:00:00.000,Against,128,57459,128,65930,"null","null"
2024-03-18 00:00:00.000,For,385,386068,385,519462,"null","null"
2024-03-18 00:00:00.000,Abstain,21,28034,21,29584,"null","null"
2024-03-19 00:00:00.000,Against,50,57509,50,65980,"null","null"
2024-03-19 00:00:00.000,Abstain,16,28050,16,29600,"null","null"
2024-03-19 00:00:00.000,For,645,386713,645,520107,"null","null"
2024-03-20 00:00:00.000,Against,21,57530,21,66001,"null","null"
2024-03-20 00:00:00.000,For,565,387278,565,520672,"null","null"
2024-03-20 00:00:00.000,Abstain,9,28059,9,29609,"null","null"
2024-03-21 00:00:00.000,For,1181,388459,1181,521853,"null","null"
2024-03-21 00:00:00.000,Against,71,57601,71,66072,"null","null"
2024-03-21 00:00:00.000,Abstain,51,28110,51,29660,"null","null"
2024-03-22 00:00:00.000,For,463,388922,463,522316,"null","null"
2024-03-22 00:00:00.000,Against,14,57615,14,66086,"null","null"
2024-03-22 00:00:00.000,Abstain,8,28118,8,29668,"null","null"
2024-03-23 00:00:00.000,For,602,389524,707,523023,"null","null"
2024-03-23 00:00:00.000,Against,46,57661,46,66132,"null","null"
2024-03-23 00:00:00.000,Abstain,33,28151,33,29701,"null","null"
2024-03-24 00:00:00.000,Against,65,57726,65,66197,"null","null"
2024-03-24 00:00:00.000,For,1042,390566,1260,524283,"null","null"
2024-03-24 00:00:00.000,Abstain,78,28229,78,29779,"null","null"
ï»¿